1539551100,896.02
1539551400,911.38
1539551700,925.84
1539552000,886.57
1539552300,895.35
1539552600,901.79
1539552900,907.85
1539553200,912.81
1539553500,908.55
1539553800,904.66
1539554100,945.3
1539554400,947.15
1539554700,897.62
1539555000,916.96
1539555300,931.98
1539555600,904.36
1539555900,906.69
1539556200,884.63
1539556500,894.28
1539556800,899.63
1539557100,883.99
1539557400,936.57
1539557700,931.15
1539558000,916.06
1539558300,905.76
1539558600,913.63
1539558900,893.31
1539559200,920.65
1539559500,926.82
1539559800,893.02
1539560100,939.04
1539560400,936.3
1539560700,914.27
1539561000,912.53
1539561300,910.37
1539561600,894.07
1539561900,915.02
1539562200,918.35
1539562500,902.98
1539562800,929.23
1539563100,919.51
1539563400,892.84
1539563700,896.54
1539564000,922.03
1539564300,890.1
1539564600,934.96
1539564900,927.82
1539565200,883.69
1539565500,892.92
1539565800,907.33
1539566100,884.98
1539566400,915.74
1539566700,925.75
1539567000,907.81
1539567300,940.36
1539567600,934.6
1539567900,897.02
1539568200,935.3
1539568500,928.4
1539568800,919.57
1539569100,941.82
1539569400,925.26
1539569700,928.04
1539570000,936.23
1539570300,906.6
1539570600,934.6
1539570900,912.17
1539571200,899.15
1539571500,912.39
1539571800,914.56
1539572100,903.26
1539572400,911.46
1539572700,927.29
1539573000,912.9
1539573300,935.47
1539573600,921.56
1539573900,896.43
1539574200,926.47
1539574500,908.76
1539574800,915.75
1539575100,940.89
1539575400,928.26
1539575700,913.52
1539576000,940.82
1539576300,932.55
1539576600,901.28
1539576900,938.19
1539577200,918.77
1539577500,921.24
1539577800,930.74
1539578100,916.42
1539578400,912.57
1539578700,920.13
1539579000,916.56
1539579300,915.22
1539579600,919.38
1539579900,907.44
1539580200,919.63
1539580500,908.74
1539580800,940.98
1539581100,923.09
1539581400,901.39
1539581700,911.22
1539582000,913.94
1539582300,921.36
1539582600,914.67
1539582900,913.72
1539583200,928.32
1539583500,937.91
1539583800,915.89
1539584100,934.62
1539584400,906.18
1539584700,924.82
1539585000,924.83
1539585300,931.56
1539585600,922.97
1539585900,948.74
1539586200,918.42
1539586500,910.56
1539586800,950.88
1539587100,929.15
1539587400,916.85
1539587700,933.33
1539588000,920.79
1539588300,931.21
1539588600,922
1539588900,924.25
1539589200,949.64
1539589500,928.04
1539589800,911.21
1539590100,934.69
1539590400,928.79
1539590700,911.63
1539591000,938.72
1539591300,927.26
1539591600,926.75
1539591900,944.62
1539592200,926.7
1539592500,906.54
1539592800,927.69
1539593100,900.18
1539593400,901.9
1539593700,950.65
1539594000,901.66
1539594300,924.78
1539594600,925.38
1539594900,920.86
1539595200,934.74
1539595500,899.84
1539595800,923.63
1539596100,922.67
1539596400,919.08
1539596700,913.77
1539597000,921.82
1539597300,898.73
1539597600,907.89
1539597900,930.14
1539598200,900.77
1539598500,900.41
1539598800,903.14
1539599100,890.9
1539599400,914.51
1539599700,923.28
1539600000,916.95
1539600300,922.16
1539600600,928.3
1539600900,919.55
1539601200,911.57
1539601500,911.23
1539601800,920.12
1539602100,920.28
1539602400,904.84
1539602700,906.77
1539603000,913.41
1539603300,884.38
1539603600,900.08
1539603900,913.85
1539604200,918.83
1539604500,886.12
1539604800,913.16
1539605100,893.77
1539605400,894.36
1539605700,906.48
1539606000,892.38
1539606300,895.25
1539606600,914.58
1539606900,884.92
1539607200,854.41
1539607500,875.29
1539607800,856.12
1539608100,865.63
1539608400,859.2
1539608700,878.48
1539609000,880.68
1539609300,901.09
1539609600,908.73
1539609900,846
1539610200,904.69
1539610500,908.22
1539610800,890.71
1539611100,861.29
1539611400,905.99
1539611700,889.35
1539612000,890.13
1539612300,876.09
1539612600,892.94
1539612900,895.93
1539613200,907.7
1539613500,858.5
1539613800,887.65
1539614100,902.26
1539614400,886.32
1539614700,854.49
1539615000,901.25
1539615300,882.39
1539615600,872.45
1539615900,864.09
1539616200,883.74
1539616500,897.07
1539616800,912.91
1539617100,866.29
1539617400,887.79
1539617700,915.32
1539618000,914.95
1539618300,884.4
1539618600,895.88
1539618900,919.62
1539619200,889.45
1539619500,889.48
1539619800,925.59
1539620100,896.44
1539620400,897.34
1539620700,885.08
1539621000,877.85
1539621300,906.75
1539621600,929
1539621900,919.77
1539622200,920.63
1539622500,938.3
1539622800,901.97
1539623100,905.26
1539623400,904.93
1539623700,930.47
1539624000,938.24
1539624300,935.3
1539624600,913.79
1539624900,929.98
1539625200,885.15
1539625500,932.15
1539625800,913.21
1539626100,926.45
1539626400,928.76
1539626700,955.68
1539627000,907.56
1539627300,931.24
1539627600,927.63
1539627900,931.01
1539628200,912.7
1539628500,915.3
1539628800,915.36
1539629100,927.63
1539629400,928.83
1539629700,905.13
1539630000,931.72
1539630300,948.01
1539630600,926.94
1539630900,949.51
1539631200,965.62
1539631500,928.58
1539631800,947.93
1539632100,952.89
1539632400,918.48
1539632700,945.09
1539633000,969.64
1539633300,911.43
1539633600,931.73
1539633900,897.43
1539634200,921.82
1539634500,927.08
1539634800,914.48
1539635100,934.81
1539635400,911.23
1539635700,891.28
1539636000,903.99
1539636300,882.36
1539636600,901.04
1539636900,931.33
1539637200,917.97
1539637500,916.52
1539637800,902.83
1539638100,927.85
1539638400,925.68
1539638700,928.64
1539639000,902.85
1539639300,923.8
1539639600,936.64
1539639900,936.89
1539640200,914.4
1539640500,930.26
1539640800,925.12
1539641100,912.96
1539641400,906.71
1539641700,904.14
1539642000,882
1539642300,841.41
1539642600,863.73
1539642900,879.85
1539643200,874.03
1539643500,889.49
1539643800,888.2
1539644100,893.74
1539644400,879.2
1539644700,888.21
1539645000,881.64
1539645300,899.15
1539645600,896.95
1539645900,887.5
1539646200,881.01
1539646500,868.2
1539646800,908.86
1539647100,909.57
1539647400,912.82
1539647700,895.02
1539648000,927.1
1539648300,922.93
1539648600,947.49
1539648900,925.29
1539649200,940.59
1539649500,926.25
1539649800,912.46
1539650100,917.84
1539650400,909.59
1539650700,932.81
1539651000,938.2
1539651300,935.97
1539651600,907.42
1539651900,936.58
1539652200,946.39
1539652500,977.22
1539652800,925.05
1539653100,917.4
1539653400,933.74
1539653700,909.52
1539654000,946.08
1539654300,924.71
1539654600,951.02
1539654900,912.81
1539655200,941.39
1539655500,912.7
1539655800,937.36
1539656100,909.11
1539656400,942.4
1539656700,923.89
1539657000,916.27
1539657300,913.14
1539657600,926.17
1539657900,943
1539658200,974.47
1539658500,947.15
1539658800,961.79
1539659100,968.98
1539659400,957.42
1539659700,951.36
1539660000,941.86
1539660300,926.63
1539660600,931.08
1539660900,955.04
1539661200,911.03
1539661500,931.01
1539661800,919.41
1539662100,925.21
1539662400,944.44
1539662700,946.23
1539663000,922.61
1539663300,947.99
1539663600,926.16
1539663900,927.72
1539664200,920.77
1539664500,945.89
1539664800,916.35
1539665100,963.99
1539665400,941.92
1539665700,932.93
1539666000,937.39
1539666300,921.54
1539666600,945.31
1539666900,904.7
1539667200,937.27
1539667500,920.24
1539667800,922.63
1539668100,921.1
1539668400,919.98
1539668700,929.52
1539669000,940.41
1539669300,909.85
1539669600,927.37
1539669900,907.12
1539670200,948.21
1539670500,916.67
1539670800,886.75
1539671100,886.74
1539671400,925.3
1539671700,929.67
1539672000,912.43
1539672300,924.95
1539672600,936
1539672900,994.83
1539673200,933.55
1539673500,949.27
1539673800,956.89
1539674100,947.12
1539674400,933.31
1539674700,932.3
1539675000,908.16
1539675300,938.94
1539675600,929.89
1539675900,931.56
1539676200,912.91
1539676500,909.08
1539676800,917.87
1539677100,902.69
1539677400,910.75
1539677700,902.02
1539678000,921.27
1539678300,904.82
1539678600,915.13
1539678900,917.07
1539679200,906.13
1539679500,912.85
1539679800,900.12
1539680100,905.26
1539680400,903.43
1539680700,908.81
1539681000,913.58
1539681300,913.39
1539681600,915.69
1539681900,916.2
1539682200,915.97
1539682500,905.24
1539682800,901.13
1539683100,908.91
1539683400,904.84
1539683700,916.01
1539684000,901.05
1539684300,911.19
1539684600,913.19
1539684900,912.3
1539685200,911.59
1539685500,913.67
1539685800,912.27
1539686100,918.11
1539686400,918.15
1539686700,914.07
1539687000,914.65
1539687300,906.69
1539687600,912.15
1539687900,909.18
1539688200,899.25
1539688500,892.22
1539688800,886.95
1539689100,866.9
1539689400,867.48
1539689700,865.32
1539690000,857.53
1539690300,857.55
1539690600,854.97
1539690900,851.65
1539691200,862.52
1539691500,849.98
1539691800,850.5
1539692100,851.24
1539692400,858.59
1539692700,852.54
1539693000,851.78
1539693300,851.52
1539693600,846
1539693900,845.2
1539694200,855.99
1539694500,844.23
1539694800,855.59
1539695100,850.14
1539695400,845.62
1539695700,852.32
1539696000,845.34
1539696300,848.93
1539696600,850.79
1539696900,839.03
1539697200,844.1
1539697500,841.06
1539697800,847.44
1539698100,851.49
1539698400,844.67
1539698700,851.4
1539699000,839.05
1539699300,846.05
1539699600,847.86
1539699900,845.35
1539700200,844.72
1539700500,839.83
1539700800,838.29
1539701100,838.38
1539701400,839.58
1539701700,831.17
1539702000,836.93
1539702300,831.09
1539702600,832.63
1539702900,838.68
1539703200,833.72
1539703500,828.69
1539703800,846.87
1539704100,834.08
1539704400,835.15
1539704700,832.57
1539705000,832
1539705300,827.02
1539705600,829.06
1539705900,831.92
1539706200,831.1
1539706500,837.94
1539706800,836.53
1539707100,835.46
1539707400,834.55
1539707700,835.83
1539708000,842.76
1539708300,834.11
1539708600,835.78
1539708900,837.97
1539709200,842.27
1539709500,832.61
1539709800,827.94
1539710100,839.25
1539710400,833.9
1539710700,832.69
1539711000,836.07
1539711300,831.23
1539711600,822.59
1539711900,825.29
1539712200,832.74
1539712500,829.16
1539712800,826.13
1539713100,841.3
1539713400,831.3
1539713700,831.81
1539714000,832.71
1539714300,838.24
1539714600,833.5
1539714900,838.87
1539715200,833.03
1539715500,829.63
1539715800,829.53
1539716100,834.16
1539716400,833.56
1539716700,833.54
1539717000,835.51
1539717300,836.73
1539717600,837.5
1539717900,836.77
1539718200,838.46
1539718500,830.81
1539718800,831.19
1539719100,834.08
1539719400,841.96
1539719700,831.78
1539720000,837.32
1539720300,841.11
1539720600,845.31
1539720900,843.92
1539721200,848.43
1539721500,845.38
1539721800,885.06
1539722100,858.25
1539722400,874.81
1539722700,867.81
1539723000,852.15
1539723300,876.34
1539723600,896.88
1539723900,878.74
1539724200,894.8
1539724500,872.21
1539724800,879.26
1539725100,891.18
1539725400,911.42
1539725700,898.52
1539726000,882.44
1539726300,897.1
1539726600,882.87
1539726900,892.94
1539727200,909.05
1539727500,893
1539727800,889.72
1539728100,905.52
1539728400,914.35
1539728700,922.01
1539729000,919.57
1539729300,933.05
1539729600,948.41
1539729900,924.84
1539730200,906.98
1539730500,956.29
1539730800,965.72
1539731100,953.29
1539731400,923.99
1539731700,899.54
1539732000,892.71
1539732300,887.64
1539732600,889.32
1539732900,903.79
1539733200,895.59
1539733500,891.17
1539733800,898.07
1539734100,878.15
1539734400,883.99
1539734700,911.75
1539735000,913.16
1539735300,921.49
1539735600,933.24
1539735900,928.41
1539736200,907.55
1539736500,889.68
1539736800,868.37
1539737100,877.67
1539737400,894.76
1539737700,898.11
1539738000,882.8
1539738300,862.42
1539738600,870.98
1539738900,883.86
1539739200,882.78
1539739500,874.71
1539739800,882.83
1539740100,877.82
1539740400,894.35
1539740700,879.87
1539741000,876.44
1539741300,876.6
1539741600,881.15
1539741900,875.88
1539742200,872.72
1539742500,880.62
1539742800,880.4
1539743100,929.61
1539743400,924.07
1539743700,911.13
1539744000,910.46
1539744300,914.96
1539744600,906.65
1539744900,896.21
1539745200,897.98
1539745500,905.7
1539745800,906.63
1539746100,902.4
1539746400,889.72
1539746700,889.98
1539747000,898.38
1539747300,890.55
1539747600,889.3
1539747900,880.81
1539748200,891.98
1539748500,882.95
1539748800,913.42
1539749100,884.69
1539749400,885.45
1539749700,889.19
1539750000,896.35
1539750300,921.09
1539750600,886.28
1539750900,881.63
1539751200,885.16
1539751500,876.36
1539751800,882.29
1539752100,881.08
1539752400,895.89
1539752700,878.29
1539753000,881.94
1539753300,882.5
1539753600,888.12
1539753900,879.33
1539754200,885.42
1539754500,892.49
1539754800,888.22
1539755100,899.72
1539755400,920.44
1539755700,904.23
1539756000,908.33
1539756300,905.61
1539756600,898.21
1539756900,929.54
1539757200,906.85
1539757500,879.47
1539757800,908.47
1539758100,894.03
1539758400,890.05
1539758700,909.26
1539759000,892.22
1539759300,904.36
1539759600,885.58
1539759900,887.28
1539760200,879.33
1539760500,881.28
1539760800,871.97
1539761100,876.58
1539761400,863.03
1539761700,861.1
1539762000,907.22
1539762300,878.89
1539762600,887.34
1539762900,885.63
1539763200,886.95
1539763500,893.19
1539763800,885.93
1539764100,889.16
1539764400,885.71
1539764700,892.36
1539765000,885.11
1539765300,872.76
1539765600,871.81
1539765900,874.5
1539766200,879.66
1539766500,881.2
1539766800,867.59
1539767100,872.84
1539767400,879.66
1539767700,868.98
1539768000,870.21
1539768300,868.38
1539768600,861.17
1539768900,888.26
1539769200,873.69
1539769500,855.13
1539769800,864.27
1539770100,848.29
1539770400,860.2
1539770700,856.86
1539771000,848.98
1539771300,855.48
1539771600,858.74
1539771900,865.58
1539772200,859.95
1539772500,858.68
1539772800,856.75
1539773100,867.67
1539773400,857.91
1539773700,888.23
1539774000,886.81
1539774300,878.67
1539774600,886.55
1539774900,889.38
1539775200,882.18
1539775500,874.33
1539775800,878.33
1539776100,886.36
1539776400,886.57
1539776700,881.15
1539777000,878.41
1539777300,848.65
1539777600,847.01
1539777900,865.48
1539778200,865.51
1539778500,867.12
1539778800,873.26
1539779100,843.36
1539779400,868.03
1539779700,869.64
1539780000,858.93
1539780300,873.35
1539780600,869.48
1539780900,880.01
1539781200,874.55
1539781500,882.58
1539781800,880.94
1539782100,883.76
1539782400,870.5
1539782700,873.07
1539783000,877.91
1539783300,874.39
1539783600,855.05
1539783900,860.72
1539784200,859.44
1539784500,867.06
1539784800,858.5
1539785100,851.41
1539785400,851.89
1539785700,867.13
1539786000,869.27
1539786300,867.51
1539786600,855.66
1539786900,828.04
1539787200,871.84
1539787500,869.01
1539787800,854.23
1539788100,842.91
1539788400,849.66
1539788700,849.59
1539789000,855.22
1539789300,836.55
1539789600,843.64
1539789900,848.42
1539790200,860.55
1539790500,854.67
1539790800,852.22
1539791100,854.67
1539791400,860.31
1539791700,856.39
1539792000,855.47
1539792300,872.2
1539792600,871
1539792900,859.62
1539793200,853.32
1539793500,922.68
1539793800,879.94
1539794100,900.19
1539794400,884.09
1539794700,890.58
1539795000,880.59
1539795300,887.07
1539795600,884.53
1539795900,859.21
1539796200,887.99
1539796500,880.43
1539796800,888.91
1539797100,881.28
1539797400,872.52
1539797700,889.92
1539798000,897.46
1539798300,903.26
1539798600,904.57
1539798900,881.62
1539799200,917.18
1539799500,913.63
1539799800,907.85
1539800100,910.28
1539800400,903.21
1539800700,923.43
1539801000,899.84
1539801300,899.88
1539801600,898.96
1539801900,878.83
1539802200,876.35
1539802500,881.77
1539802800,875.55
1539803100,909.92
1539803400,898.32
1539803700,901.3
1539804000,906.79
1539804300,889.94
1539804600,890.42
1539804900,881.9
1539805200,895.57
1539805500,927.17
1539805800,918.88
1539806100,917.23
1539806400,928.69
1539806700,933.89
1539807000,932.12
1539807300,955.98
1539807600,947.21
1539807900,918.43
1539808200,902.3
1539808500,906.36
1539808800,934.38
1539809100,939.19
1539809400,931.39
1539809700,899.97
1539810000,914.51
1539810300,907.53
1539810600,886.42
1539810900,878.24
1539811200,912.21
1539811500,921.6
1539811800,929.23
1539812100,875.8
1539812400,862.07
1539812700,873.5
1539813000,891.18
1539813300,916.55
1539813600,949.39
1539813900,876.18
1539814200,892.72
1539814500,902.81
1539814800,907.63
1539815100,926.3
1539815400,883.19
1539815700,903.42
1539816000,900.05
1539816300,901.14
1539816600,943.94
1539816900,930.84
1539817200,929.13
1539817500,947.48
1539817800,959
1539818100,897.59
1539818400,913.78
1539818700,894.43
1539819000,893.73
1539819300,912.46
1539819600,909.95
1539819900,875.06
1539820200,891.73
1539820500,888.21
1539820800,912.09
1539821100,921.01
1539821400,913.48
1539821700,897.07
1539822000,883.61
1539822300,883.28
1539822600,864.6
1539822900,884.34
1539823200,905.82
1539823500,900.75
1539823800,920.01
1539824100,896
1539824400,898.16
1539824700,908.15
1539825000,922.98
1539825300,920.56
1539825600,891.62
1539825900,904.63
1539826200,892.21
1539826500,905.73
1539826800,887.03
1539827100,899.7
1539827400,901.68
1539827700,906.79
1539828000,880.08
1539828300,895.02
1539828600,920.59
1539828900,917.17
1539829200,923.21
1539829500,894.92
1539829800,896.26
1539830100,927.58
1539830400,909.13
1539830700,883.4
1539831000,912.2
1539831300,913.77
1539831600,907.79
1539831900,887.11
1539832200,908.68
1539832500,897.8
1539832800,868.85
1539833100,899.59
1539833400,900.58
1539833700,906.53
1539834000,891.93
1539834300,902.31
1539834600,892.15
1539834900,911.79
1539835200,906.22
1539835500,911.79
1539835800,903.22
1539836100,894.76
1539836400,903.11
1539836700,899.32
1539837000,885.67
1539837300,889.73
1539837600,931.28
1539837900,874.42
1539838200,866.56
1539838500,861.15
1539838800,869.92
1539839100,842.6
1539839400,862.77
1539839700,868.56
1539840000,872.19
1539840300,867.26
1539840600,871.12
1539840900,875.74
1539841200,877.26
1539841500,875.33
1539841800,867.03
1539842100,873.67
1539842400,877.36
1539842700,877.06
1539843000,872.72
1539843300,885.41
1539843600,884.13
1539843900,877.64
1539844200,879.88
1539844500,873.07
1539844800,915.62
1539845100,917.23
1539845400,890.61
1539845700,908.83
1539846000,911.68
1539846300,903.49
1539846600,903.16
1539846900,896.46
1539847200,915.53
1539847500,904.74
1539847800,905.61
1539848100,909.21
1539848400,906.75
1539848700,909.41
1539849000,897.57
1539849300,899.73
1539849600,897.91
1539849900,904.02
1539850200,901.5
1539850500,912.55
1539850800,898.04
1539851100,902.35
1539851400,910.35
1539851700,909.66
1539852000,907.49
1539852300,889.32
1539852600,900.47
1539852900,900.03
1539853200,902.15
1539853500,890.5
1539853800,893.77
1539854100,888.57
1539854400,894.76
1539854700,893.06
1539855000,893.89
1539855300,899.14
1539855600,899.37
1539855900,906.55
1539856200,890.3
1539856500,898.44
1539856800,898.36
1539857100,868.68
1539857400,885.39
1539857700,891.59
1539858000,888.38
1539858300,894.97
1539858600,882.07
1539858900,877.5
1539859200,883.61
1539859500,882.68
1539859800,850.56
1539860100,861.71
1539860400,864.28
1539860700,869.85
1539861000,865.07
1539861300,862.42
1539861600,866.57
1539861900,865.01
1539862200,868.6
1539862500,841.72
1539862800,854.44
1539863100,865.41
1539863400,865.25
1539863700,864.49
1539864000,846.61
1539864300,858.89
1539864600,864.7
1539864900,867.33
1539865200,839.67
1539865500,853.73
1539865800,861.59
1539866100,863.3
1539866400,835
1539866700,859.24
1539867000,862.83
1539867300,860.4
1539867600,866.15
1539867900,835.75
1539868200,823.28
1539868500,831.98
1539868800,836.03
1539869100,832.47
1539869400,830.77
1539869700,824.58
1539870000,835.55
1539870300,836.17
1539870600,862.07
1539870900,870.21
1539871200,869.49
1539871500,867.24
1539871800,869.33
1539872100,866.46
1539872400,866.96
1539872700,876.64
1539873000,857.33
1539873300,862.06
1539873600,864.64
1539873900,886.91
1539874200,889.94
1539874500,862.99
1539874800,890.86
1539875100,891.13
1539875400,876.08
1539875700,839.83
1539876000,828.55
1539876300,827.18
1539876600,840
1539876900,844.08
1539877200,857.8
1539877500,871.13
1539877800,885.48
1539878100,881.13
1539878400,882.04
1539878700,871.5
1539879000,877.09
1539879300,874.21
1539879600,865.1
1539879900,869.85
1539880200,875.55
1539880500,877.34
1539880800,846.23
1539881100,840.66
1539881400,831.42
1539881700,828.88
1539882000,829.25
1539882300,824.46
1539882600,829.27
1539882900,824.32
1539883200,828.22
1539883500,831.21
1539883800,832.53
1539884100,838.91
1539884400,821.93
1539884700,823.24
1539885000,828.85
1539885300,826.89
1539885600,779.24
1539885900,775.58
1539886200,775.25
1539886500,777.6
1539886800,781.56
1539887100,772.53
1539887400,770.98
1539887700,776.64
1539888000,752.59
1539888300,773.07
1539888600,785.38
1539888900,779.29
1539889200,782.57
1539889500,776.31
1539889800,784.07
1539890100,787.41
1539890400,792.06
1539890700,782.03
1539891000,790.79
1539891300,787.39
1539891600,792.83
1539891900,794.02
1539892200,786.21
1539892500,793.1
1539892800,807.79
1539893100,801.75
1539893400,805.72
1539893700,810.21
1539894000,813.15
1539894300,816.99
1539894600,816.13
1539894900,813.54
1539895200,815.4
1539895500,812.67
1539895800,820.61
1539896100,822.94
1539896400,824.56
1539896700,818.13
1539897000,821.54
1539897300,822.38
1539897600,832.37
1539897900,947.99
1539898200,968.8
1539898500,966.64
1539898800,986.21
1539899100,933.83
1539899400,949.96
1539899700,951.93
1539900000,972.47
1539900300,897.1
1539900600,954.16
1539900900,938.18
1539901200,963.75
1539901500,989.03
1539901800,975.21
1539902100,889.88
1539902400,921.95
1539902700,907.81
1539903000,913.14
1539903300,895.69
1539903600,897.85
1539903900,885.12
1539904200,908.86
1539904500,921.6
1539904800,903.68
1539905100,895.22
1539905400,912.83
1539905700,926.73
1539906000,910.51
1539906300,898.62
1539906600,917.95
1539906900,879.84
1539907200,916.24
1539907500,915.94
1539907800,926.15
1539908100,912.79
1539908400,930.57
1539908700,940.35
1539909000,877.94
1539909300,916.49
1539909600,914.05
1539909900,926.23
1539910200,907.57
1539910500,904.9
1539910800,902.35
1539911100,940.64
1539911400,922.38
1539911700,931.36
1539912000,929.83
1539912300,942.3
1539912600,934.76
1539912900,953.21
1539913200,905.1
1539913500,912.85
1539913800,890.73
1539914100,887.48
1539914400,874.76
1539914700,883.32
1539915000,909.27
1539915300,873.59
1539915600,884.88
1539915900,876.43
1539916200,899.92
1539916500,927.89
1539916800,900.33
1539917100,909.97
1539917400,935.53
1539917700,911.8
1539918000,948.07
1539918300,901.51
1539918600,918.3
1539918900,936.82
1539919200,910.18
1539919500,879.63
1539919800,927.3
1539920100,918.51
1539920400,931.75
1539920700,899.86
1539921000,916.44
1539921300,946.73
1539921600,933.61
1539921900,951.45
1539922200,942.36
1539922500,928.14
1539922800,897.04
1539923100,907.47
1539923400,883.84
1539923700,900.49
1539924000,917.35
1539924300,881.91
1539924600,911.64
1539924900,858.51
1539925200,880.22
1539925500,941.73
1539925800,857.47
1539926100,913.09
1539926400,853.48
1539926700,899.92
1539927000,912.11
1539927300,886.87
1539927600,912.24
1539927900,871.79
1539928200,895.6
1539928500,925.01
1539928800,920.99
1539929100,917.27
1539929400,888.04
1539929700,883.61
1539930000,922.62
1539930300,895.63
1539930600,919.2
1539930900,907.2
1539931200,931.02
1539931500,913.38
1539931800,866.68
1539932100,899.89
1539932400,896.73
1539932700,901.34
1539933000,882.23
1539933300,885.45
1539933600,847.75
1539933900,869.94
1539934200,853.52
1539934500,850.71
1539934800,854.99
1539935100,863.94
1539935400,837.85
1539935700,834.69
1539936000,839.14
1539936300,842.28
1539936600,904.34
1539936900,848.06
1539937200,836.34
1539937500,848.45
1539937800,839.78
1539938100,836.6
1539938400,841.46
1539938700,841.72
1539939000,835.47
1539939300,835.18
1539939600,838.07
1539939900,843.46
1539940200,834.69
1539940500,851.17
1539940800,842.02
1539941100,840.34
1539941400,851.74
1539941700,844.65
1539942000,840.79
1539942300,866.09
1539942600,875.19
1539942900,877.15
1539943200,875.72
1539943500,876.66
1539943800,876.37
1539944100,880.61
1539944400,884.09
1539944700,877.43
1539945000,882.64
1539945300,886.48
1539945600,885.19
1539945900,878.4
1539946200,881.34
1539946500,884.76
1539946800,882.65
1539947100,886.06
1539947400,879.13
1539947700,882.36
1539948000,878.6
1539948300,839.97
1539948600,877.05
1539948900,867.87
1539949200,869.78
1539949500,842.43
1539949800,857.94
1539950100,869.57
1539950400,867.43
1539950700,865.19
1539951000,864.73
1539951300,872.26
1539951600,869.27
1539951900,855.15
1539952200,865.02
1539952500,856.1
1539952800,871.05
1539953100,855.91
1539953400,836.61
1539953700,832.56
1539954000,824.36
1539954300,856.53
1539954600,862.21
1539954900,867.17
1539955200,842.11
1539955500,838.63
1539955800,839.91
1539956100,834.85
1539956400,865.27
1539956700,880.62
1539957000,858.07
1539957300,870.4
1539957600,863.53
1539957900,878.12
1539958200,886.35
1539958500,854.12
1539958800,860.68
1539959100,839.51
1539959400,883.63
1539959700,881.15
1539960000,884.62
1539960300,849.79
1539960600,851.78
1539960900,854.36
1539961200,845.93
1539961500,845.77
1539961800,875.29
1539962100,852.63
1539962400,847.33
1539962700,849.55
1539963000,936
1539963300,866.89
1539963600,897.28
1539963900,883.34
1539964200,857.84
1539964500,861.06
1539964800,881.31
1539965100,883.57
1539965400,867.56
1539965700,864.57
1539966000,868.62
1539966300,878.92
1539966600,874.84
1539966900,863.78
1539967200,871.24
1539967500,887
1539967800,868.68
1539968100,869.32
1539968400,877.31
1539968700,869.65
1539969000,894.45
1539969300,871.57
1539969600,869.37
1539969900,865.37
1539970200,885.26
1539970500,869.15
1539970800,873.82
1539971100,896.5
1539971400,879.68
1539971700,888.98
1539972000,891.2
1539972300,924.02
1539972600,941.97
1539972900,871.5
1539973200,906.88
1539973500,906.92
1539973800,878.96
1539974100,891.07
1539974400,882.75
1539974700,946.63
1539975000,915.03
1539975300,895.89
1539975600,877.36
1539975900,898.67
1539976200,922.29
1539976500,909.84
1539976800,914.16
1539977100,917.35
1539977400,926.47
1539977700,907.89
1539978000,924.42
1539978300,907
1539978600,894.11
1539978900,884.03
1539979200,864.41
1539979500,854.42
1539979800,870.58
1539980100,919.25
1539980400,901.72
1539980700,933.55
1539981000,877.64
1539981300,941.49
1539981600,957
1539981900,889.69
1539982200,919.55
1539982500,899.46
1539982800,953
1539983100,930.02
1539983400,928.35
1539983700,943.17
1539984000,941.67
1539984300,921.61
1539984600,898.76
1539984900,899.76
1539985200,925.7
1539985500,936.22
1539985800,942.55
1539986100,895.7
1539986400,929.09
1539986700,924.07
1539987000,907.29
1539987300,948.91
1539987600,968.96
1539987900,893.63
1539988200,880.85
1539988500,918.42
1539988800,903.62
1539989100,878.29
1539989400,921.22
1539989700,911.07
1539990000,887.27
1539990300,875.88
1539990600,879.43
1539990900,874.37
1539991200,930.17
1539991500,887.37
1539991800,880.59
1539992100,929.72
1539992400,905.13
1539992700,922.26
1539993000,927.8
1539993300,899.38
1539993600,925.14
1539993900,959.89
1539994200,962.6
1539994500,947.71
1539994800,890.56
1539995100,935.26
1539995400,942.09
1539995700,976.59
1539996000,957.02
1539996300,917.89
1539996600,904.59
1539996900,949.43
1539997200,952.55
1539997500,917.61
1539997800,925.25
1539998100,919.95
1539998400,906.62
1539998700,905.95
1539999000,921.96
1539999300,927.73
1539999600,912.63
1539999900,931.31
1540000200,920.39
1540000500,909.28
1540000800,910.71
1540001100,922.01
1540001400,923.02
1540001700,910.83
1540002000,913
1540002300,913.94
1540002600,920.72
1540002900,916.73
1540003200,905.74
1540003500,907.48
1540003800,904.66
1540004100,910.74
1540004400,912.96
1540004700,910.28
1540005000,902.14
1540005300,916.97
1540005600,911.78
1540005900,908.93
1540006200,900.57
1540006500,972.04
1540006800,992.88
1540007100,912.19
1540007400,917.16
1540007700,898.86
1540008000,908.88
1540008300,900.87
1540008600,898.9
1540008900,897.75
1540009200,890.33
1540009500,905.16
1540009800,894.28
1540010100,913.48
1540010400,904.72
1540010700,907.79
1540011000,901.15
1540011300,895.81
1540011600,905.75
1540011900,904.58
1540012200,896.34
1540012500,902.33
1540012800,904.72
1540013100,907.51
1540013400,906.78
1540013700,911.35
1540014000,904.2
1540014300,899.15
1540014600,907.88
1540014900,901.74
1540015200,907.92
1540015500,909.69
1540015800,900.85
1540016100,892.19
1540016400,902.25
1540016700,906.38
1540017000,897.16
1540017300,909.59
1540017600,897.92
1540017900,895.25
1540018200,906.91
1540018500,911.04
1540018800,893.04
1540019100,895.55
1540019400,898.41
1540019700,895.88
1540020000,907.35
1540020300,895.75
1540020600,890.64
1540020900,890.85
1540021200,917.22
1540021500,913.72
1540021800,901.57
1540022100,914.89
1540022400,909.28
1540022700,910.16
1540023000,909.6
1540023300,907.14
1540023600,909.03
1540023900,909.42
1540024200,910.13
1540024500,904.99
1540024800,902.3
1540025100,905.24
1540025400,912.65
1540025700,901.94
1540026000,902.8
1540026300,903.52
1540026600,907.5
1540026900,903.71
1540027200,906.81
1540027500,904.33
1540027800,902.8
1540028100,906.86
1540028400,904.84
1540028700,902.92
1540029000,903.11
1540029300,899.15
1540029600,893.96
1540029900,900.66
1540030200,902.29
1540030500,901.7
1540030800,897.54
1540031100,889.28
1540031400,893.64
1540031700,895.81
1540032000,896.44
1540032300,888.53
1540032600,890.01
1540032900,891.93
1540033200,896.87
1540033500,896.9
1540033800,895.04
1540034100,894.37
1540034400,892.93
1540034700,893.51
1540035000,893.28
1540035300,897.75
1540035600,894.77
1540035900,887.41
1540036200,904.2
1540036500,900.48
1540036800,888.82
1540037100,889.06
1540037400,902.11
1540037700,892.25
1540038000,898.83
1540038300,893.45
1540038600,899.76
1540038900,895.09
1540039200,898.24
1540039500,894.26
1540039800,893.3
1540040100,899.69
1540040400,891.38
1540040700,889.51
1540041000,900.01
1540041300,895.03
1540041600,892.18
1540041900,897.74
1540042200,899.83
1540042500,891.83
1540042800,889.26
1540043100,900.57
1540043400,896.06
1540043700,898.3
1540044000,897.32
1540044300,905.03
1540044600,898.75
1540044900,892.86
1540045200,896.97
1540045500,893.26
1540045800,894.79
1540046100,892.68
1540046400,894.15
1540046700,891.9
1540047000,894.99
1540047300,896.28
1540047600,894.27
1540047900,893.74
1540048200,889.56
1540048500,894.46
1540048800,893.16
1540049100,903.92
1540049400,890.12
1540049700,885.86
1540050000,902.61
1540050300,896.31
1540050600,889.77
1540050900,889.85
1540051200,896.76
1540051500,885.18
1540051800,886.59
1540052100,884
1540052400,897.19
1540052700,887.18
1540053000,893.55
1540053300,885.96
1540053600,901.27
1540053900,891.6
1540054200,887.89
1540054500,878.38
1540054800,871.46
1540055100,883.62
1540055400,883.63
1540055700,888.9
1540056000,886.44
1540056300,898.03
1540056600,894.78
1540056900,901.32
1540057200,903.78
1540057500,892.02
1540057800,895.75
1540058100,895.15
1540058400,904.23
1540058700,891.65
1540059000,887.12
1540059300,951.98
1540059600,968.42
1540059900,893.47
1540060200,889.43
1540060500,903.77
1540060800,885.82
1540061100,951.93
1540061400,888.49
1540061700,881.41
1540062000,871.85
1540062300,873.48
1540062600,885.25
1540062900,874.96
1540063200,870.77
1540063500,879.49
1540063800,878.37
1540064100,870.41
1540064400,881
1540064700,875.66
1540065000,885.97
1540065300,939.92
1540065600,886.51
1540065900,873.73
1540066200,934.94
1540066500,949.61
1540066800,896.53
1540067100,941.67
1540067400,885.18
1540067700,949.8
1540068000,898.3
1540068300,948.05
1540068600,961.34
1540068900,879.26
1540069200,905.46
1540069500,949.61
1540069800,922.94
1540070100,950.65
1540070400,880.12
1540070700,886.63
1540071000,880.67
1540071300,888.74
1540071600,956.99
1540071900,958.36
1540072200,966.22
1540072500,957.42
1540072800,912.93
1540073100,868.63
1540073400,864.77
1540073700,867.1
1540074000,870.51
1540074300,866.32
1540074600,865.39
1540074900,871.11
1540075200,918.91
1540075500,959.05
1540075800,876.95
1540076100,863.4
1540076400,861.13
1540076700,859.98
1540077000,849.88
1540077300,855.91
1540077600,842.98
1540077900,850.3
1540078200,847.59
1540078500,855.45
1540078800,846.18
1540079100,850.21
1540079400,862.22
1540079700,854.63
1540080000,858.06
1540080300,864.22
1540080600,859.09
1540080900,857.96
1540081200,859.94
1540081500,865.53
1540081800,937.55
1540082100,957.07
1540082400,874.43
1540082700,859.08
1540083000,859.93
1540083300,939.46
1540083600,948.49
1540083900,861.8
1540084200,865.04
1540084500,860.43
1540084800,861.74
1540085100,860.55
1540085400,857.17
1540085700,865.02
1540086000,860.29
1540086300,862.17
1540086600,859.98
1540086900,855.19
1540087200,860.92
1540087500,864.02
1540087800,865.26
1540088100,911.32
1540088400,923.02
1540088700,897.95
1540089000,864.92
1540089300,940.83
1540089600,949.5
1540089900,862.8
1540090200,862.84
1540090500,861.41
1540090800,860.88
1540091100,858.77
1540091400,861.22
1540091700,856.73
1540092000,860.63
1540092300,843.53
1540092600,854.78
1540092900,858.69
1540093200,858.7
1540093500,853.96
1540093800,863.11
1540094100,857.48
1540094400,863.54
1540094700,854.57
1540095000,864.06
1540095300,856.34
1540095600,856.66
1540095900,861.16
1540096200,853.41
1540096500,855.71
1540096800,863.92
1540097100,854.31
1540097400,852.92
1540097700,856.16
1540098000,866.17
1540098300,864.08
1540098600,860.33
1540098900,863.29
1540099200,867.37
1540099500,864.26
1540099800,856.36
1540100100,861.3
1540100400,862.51
1540100700,855.2
1540101000,861.84
1540101300,855.82
1540101600,856.4
1540101900,856.45
1540102200,863.71
1540102500,858.44
1540102800,849.94
1540103100,859.71
1540103400,856.07
1540103700,853.29
1540104000,851.84
1540104300,854.46
1540104600,853.31
1540104900,852.94
1540105200,859.11
1540105500,858.18
1540105800,858.35
1540106100,854.96
1540106400,854.23
1540106700,854.84
1540107000,855.61
1540107300,851.81
1540107600,853.81
1540107900,852.85
1540108200,851.6
1540108500,863.33
1540108800,855.18
1540109100,855.44
1540109400,856.71
1540109700,860.75
1540110000,863.68
1540110300,862.75
1540110600,852.08
1540110900,853.26
1540111200,852.48
1540111500,845.96
1540111800,848.99
1540112100,851.38
1540112400,847.23
1540112700,851.81
1540113000,849.61
1540113300,846.48
1540113600,850.16
1540113900,847.32
1540114200,853.33
1540114500,849.58
1540114800,846.41
1540115100,845.56
1540115400,847.58
1540115700,851.12
1540116000,852.55
1540116300,847.56
1540116600,843.66
1540116900,848.37
1540117200,845.83
1540117500,846.95
1540117800,848.67
1540118100,847.16
1540118400,846.05
1540118700,850.85
1540119000,857.08
1540119300,853.21
1540119600,847.43
1540119900,847.09
1540120200,847.26
1540120500,846
1540120800,845.82
1540121100,848.13
1540121400,847.52
1540121700,845.09
1540122000,851.76
1540122300,848.77
1540122600,850.54
1540122900,844.71
1540123200,847.85
1540123500,848.48
1540123800,846.16
1540124100,847.68
1540124400,847.65
1540124700,846.74
1540125000,842.74
1540125300,842.52
1540125600,846.63
1540125900,852.58
1540126200,850.01
1540126500,845.77
1540126800,887.26
1540127100,885.96
1540127400,891.14
1540127700,882.28
1540128000,882.9
1540128300,885.79
1540128600,888.26
1540128900,848.7
1540129200,842.07
1540129500,842.33
1540129800,842.66
1540130100,841.18
1540130400,843.67
1540130700,846.52
1540131000,842.18
1540131300,841.77
1540131600,842.64
1540131900,846.31
1540132200,845.84
1540132500,838.1
1540132800,843.93
1540133100,841.83
1540133400,839.43
1540133700,836.55
1540134000,841.68
1540134300,838.27
1540134600,836.78
1540134900,839.94
1540135200,840.22
1540135500,840.23
1540135800,837.42
1540136100,841.53
1540136400,837.58
1540136700,840.69
1540137000,846.3
1540137300,843.84
1540137600,840.53
1540137900,840.51
1540138200,836.67
1540138500,844.64
1540138800,842.07
1540139100,843.23
1540139400,844.83
1540139700,849.83
1540140000,841.3
1540140300,847.97
1540140600,840.97
1540140900,838.3
1540141200,843.93
1540141500,845.99
1540141800,843.9
1540142100,843.86
1540142400,847.55
1540142700,843.88
1540143000,842.83
1540143300,837.76
1540143600,838.17
1540143900,842.1
1540144200,834.77
1540144500,841.6
1540144800,839.38
1540145100,840.4
1540145400,842.68
1540145700,840.24
1540146000,844.74
1540146300,842.87
1540146600,840.36
1540146900,842.52
1540147200,842.13
1540147500,840.41
1540147800,844.2
1540148100,842.57
1540148400,840.78
1540148700,843.28
1540149000,845.35
1540149300,843.17
1540149600,843.22
1540149900,847.8
1540150200,844.06
1540150500,849.47
1540150800,853.47
1540151100,848.95
1540151400,850.39
1540151700,852.97
1540152000,873.95
1540152300,864.64
1540152600,865.23
1540152900,864.27
1540153200,865.66
1540153500,871.61
1540153800,875.35
1540154100,870.78
1540154400,864.42
1540154700,869.73
1540155000,875.43
1540155300,869.9
1540155600,873.28
1540155900,868.63
1540156200,874.43
1540156500,859.15
1540156800,860.48
1540157100,867.53
1540157400,860.07
1540157700,870.47
1540158000,878.8
1540158300,870.53
1540158600,873.41
1540158900,876.96
1540159200,870.88
1540159500,870.57
1540159800,866.22
1540160100,866.01
1540160400,862.23
1540160700,866.72
1540161000,870.55
1540161300,863.16
1540161600,871.2
1540161900,861.45
1540162200,859.44
1540162500,860.39
1540162800,860.79
1540163100,853.14
1540163400,855.36
1540163700,857.08
1540164000,853.21
1540164300,850.36
1540164600,860.95
1540164900,861.97
1540165200,856.05
1540165500,853.66
1540165800,853.72
1540166100,855.71
1540166400,856.73
1540166700,862.87
1540167000,857.7
1540167300,859.53
1540167600,860.02
1540167900,861.14
1540168200,855.4
1540168500,860.16
1540168800,863.94
1540169100,859.5
1540169400,853.09
1540169700,852.85
1540170000,844.51
1540170300,853.13
1540170600,847.73
1540170900,847.32
1540171200,854.59
1540171500,860.38
1540171800,846.83
1540172100,851.95
1540172400,848.69
1540172700,848.68
1540173000,843.86
1540173300,842.78
1540173600,845.64
1540173900,846.46
1540174200,842.13
1540174500,844.22
1540174800,848.33
1540175100,843.24
1540175400,839.14
1540175700,851.15
1540176000,848.84
1540176300,836.15
1540176600,829.75
1540176900,843.05
1540177200,843.41
1540177500,843.04
1540177800,845.05
1540178100,851.87
1540178400,854.48
1540178700,842.33
1540179000,843.34
1540179300,850.29
1540179600,843.74
1540179900,859.65
1540180200,848.7
1540180500,883.58
1540180800,860.71
1540181100,852.89
1540181400,864.93
1540181700,857.76
1540182000,861.07
1540182300,861.94
1540182600,863.53
1540182900,857.75
1540183200,856.37
1540183500,857.03
1540183800,892.69
1540184100,861.92
1540184400,864.88
1540184700,860.71
1540185000,874.29
1540185300,870.82
1540185600,869.38
1540185900,855.47
1540186200,869.68
1540186500,862.63
1540186800,855.13
1540187100,864.42
1540187400,884.06
1540187700,873.86
1540188000,868.9
1540188300,861.53
1540188600,873.42
1540188900,855.95
1540189200,855.14
1540189500,867.1
1540189800,869.2
1540190100,877.6
1540190400,851.85
1540190700,856.24
1540191000,864.35
1540191300,868.79
1540191600,855.59
1540191900,848.66
1540192200,880.77
1540192500,862.09
1540192800,854.85
1540193100,851.22
1540193400,858.49
1540193700,865.61
1540194000,856.66
1540194300,849.41
1540194600,846.2
1540194900,861.71
1540195200,854.66
1540195500,846.55
1540195800,860.04
1540196100,904.74
1540196400,898.03
1540196700,897.26
1540197000,892.46
1540197300,909.15
1540197600,897.6
1540197900,891.71
1540198200,887.53
1540198500,934.98
1540198800,893.75
1540199100,887.34
1540199400,881.78
1540199700,938.83
1540200000,890.84
1540200300,872.58
1540200600,876.45
1540200900,895.92
1540201200,880.96
1540201500,887.77
1540201800,875.71
1540202100,926.07
1540202400,913.43
1540202700,872.93
1540203000,876.7
1540203300,892.59
1540203600,883.4
1540203900,871.01
1540204200,849.55
1540204500,848.68
1540204800,850.78
1540205100,836.01
1540205400,846.26
1540205700,855.51
1540206000,848.37
1540206300,843.47
1540206600,844.12
1540206900,845.84
1540207200,846.07
1540207500,843.2
1540207800,840.97
1540208100,836.04
1540208400,839.95
1540208700,843.9
1540209000,835.74
1540209300,836.11
1540209600,835.8
1540209900,845.37
1540210200,842.88
1540210500,842.77
1540210800,837.44
1540211100,848.89
1540211400,846.11
1540211700,843.76
1540212000,846.63
1540212300,842.34
1540212600,845.91
1540212900,836.98
1540213200,837.63
1540213500,838.71
1540213800,833.86
1540214100,831.6
1540214400,833.25
1540214700,832.54
1540215000,834.46
1540215300,829.38
1540215600,832.49
1540215900,838.7
1540216200,827.13
1540216500,827.77
1540216800,826.26
1540217100,822.02
1540217400,829.49
1540217700,829
1540218000,830.38
1540218300,824.92
1540218600,828.2
1540218900,830.58
1540219200,827.97
1540219500,828.19
1540219800,824.95
1540220100,823.92
1540220400,820.6
1540220700,820.1
1540221000,822.56
1540221300,823.54
1540221600,849.49
1540221900,848.69
1540222200,854.39
1540222500,849.63
1540222800,838.22
1540223100,862.79
1540223400,863.24
1540223700,864.9
1540224000,860.7
1540224300,862.47
1540224600,834.87
1540224900,859.25
1540225200,862.46
1540225500,865.75
1540225800,866.14
1540226100,857.73
1540226400,854.5
1540226700,866.27
1540227000,874.31
1540227300,864.07
1540227600,862.38
1540227900,863.79
1540228200,867.1
1540228500,862.57
1540228800,862.89
1540229100,832.91
1540229400,873.13
1540229700,884.76
1540230000,876.1
1540230300,886.18
1540230600,863.72
1540230900,918.03
1540231200,886.18
1540231500,932.01
1540231800,908.57
1540232100,881.03
1540232400,927.6
1540232700,900.89
1540233000,899.75
1540233300,886.7
1540233600,894.99
1540233900,918.29
1540234200,905.72
1540234500,913.2
1540234800,916.41
1540235100,888.89
1540235400,881.51
1540235700,879.21
1540236000,895.28
1540236300,891.65
1540236600,896.81
1540236900,891.66
1540237200,886.28
1540237500,915.79
1540237800,912.29
1540238100,916.97
1540238400,916.22
1540238700,909.35
1540239000,914.44
1540239300,913.38
1540239600,902.16
1540239900,908.42
1540240200,907.07
1540240500,911.05
1540240800,897.44
1540241100,916.19
1540241400,913.39
1540241700,916.61
1540242000,919.3
1540242300,924.85
1540242600,919.15
1540242900,904.12
1540243200,909.06
1540243500,909.04
1540243800,912.5
1540244100,915.76
1540244400,913.65
1540244700,922.05
1540245000,912.67
1540245300,936.45
1540245600,929.7
1540245900,941.93
1540246200,941.23
1540246500,912.5
1540246800,919.82
1540247100,911.88
1540247400,909.75
1540247700,909.41
1540248000,903.85
1540248300,916.51
1540248600,913.64
1540248900,893.21
1540249200,889.51
1540249500,896.48
1540249800,910.1
1540250100,887.16
1540250400,894.7
1540250700,898.95
1540251000,901.55
1540251300,890.91
1540251600,890.44
1540251900,898.7
1540252200,890.73
1540252500,894.01
1540252800,902.99
1540253100,881.17
1540253400,875.09
1540253700,869.73
1540254000,917.99
1540254300,900.48
1540254600,880.5
1540254900,885.03
1540255200,874.74
1540255500,881.97
1540255800,889.95
1540256100,879.7
1540256400,872.78
1540256700,906.68
1540257000,897.83
1540257300,883.67
1540257600,878.94
1540257900,887.68
1540258200,890.11
1540258500,907.95
1540258800,909.31
1540259100,887.51
1540259400,867.7
1540259700,866.46
1540260000,894.89
1540260300,875.04
1540260600,875.24
1540260900,875.49
1540261200,880.36
1540261500,879.07
1540261800,865.57
1540262100,880.43
1540262400,869.93
1540262700,901.01
1540263000,875.77
1540263300,874.72
1540263600,882.51
1540263900,931.33
1540264200,941.07
1540264500,951.87
1540264800,956.99
1540265100,916.63
1540265400,926.14
1540265700,931.91
1540266000,896.91
1540266300,906.86
1540266600,904.56
1540266900,896.52
1540267200,901.08
1540267500,899.88
1540267800,902.63
1540268100,949.26
1540268400,929.08
1540268700,906.99
1540269000,907.84
1540269300,897.9
1540269600,882.59
1540269900,895.31
1540270200,895.73
1540270500,958.49
1540270800,980.62
1540271100,891.49
1540271400,897.83
1540271700,905.76
1540272000,901.98
1540272300,906.23
1540272600,881.61
1540272900,895.07
1540273200,902.56
1540273500,903.65
1540273800,912.23
1540274100,943.23
1540274400,929.54
1540274700,927.39
1540275000,925.16
1540275300,920.44
1540275600,878.45
1540275900,882.14
1540276200,880.24
1540276500,871.31
1540276800,936.8
1540277100,880.04
1540277400,869.37
1540277700,868.99
1540278000,928.34
1540278300,936.11
1540278600,877.49
1540278900,868.9
1540279200,916.95
1540279500,911.94
1540279800,869.84
1540280100,862.57
1540280400,869.16
1540280700,868.86
1540281000,874.62
1540281300,866.92
1540281600,893.78
1540281900,868.56
1540282200,862.13
1540282500,865.85
1540282800,859.59
1540283100,869.01
1540283400,863.45
1540283700,867.01
1540284000,867.01
1540284300,858.36
1540284600,863.58
1540284900,865.28
1540285200,858.13
1540285500,870.7
1540285800,865.88
1540286100,860.13
1540286400,868.7
1540286700,854.87
1540287000,863.24
1540287300,862.49
1540287600,864.8
1540287900,858.74
1540288200,863.6
1540288500,863.72
1540288800,866.8
1540289100,875.3
1540289400,871.14
1540289700,867.97
1540290000,865.93
1540290300,866.56
1540290600,870.15
1540290900,869.82
1540291200,866.25
1540291500,865.67
1540291800,865.35
1540292100,858.02
1540292400,864.06
1540292700,857.86
1540293000,865.63
1540293300,859.84
1540293600,857.16
1540293900,859.29
1540294200,859.39
1540294500,858.47
1540294800,864.91
1540295100,863.59
1540295400,864.8
1540295700,861.6
1540296000,861.91
1540296300,860.13
1540296600,857.16
1540296900,867.03
1540297200,857.52
1540297500,855.83
1540297800,859.68
1540298100,858.29
1540298400,849.47
1540298700,853.22
1540299000,849.75
1540299300,855.58
1540299600,856.95
1540299900,853.8
1540300200,849.3
1540300500,851.22
1540300800,853.82
1540301100,858.78
1540301400,853.03
1540301700,853.58
1540302000,847.55
1540302300,840.32
1540302600,854.76
1540302900,850.16
1540303200,842.63
1540303500,837.41
1540303800,841.97
1540304100,843.29
1540304400,842.76
1540304700,845.49
1540305000,845.68
1540305300,848.29
1540305600,842.4
1540305900,836.44
1540306200,839.22
1540306500,835.1
1540306800,849.04
1540307100,842.98
1540307400,840.44
1540307700,832.95
1540308000,830.05
1540308300,842.43
1540308600,848.32
1540308900,852.16
1540309200,850.76
1540309500,841.38
1540309800,841.92
1540310100,842.38
1540310400,847.2
1540310700,845.3
1540311000,842.95
1540311300,832.96
1540311600,846.64
1540311900,837.1
1540312200,840.46
1540312500,836.4
1540312800,839.3
1540313100,835.73
1540313400,844.71
1540313700,838.48
1540314000,842.47
1540314300,838.77
1540314600,843.31
1540314900,842.6
1540315200,841.29
1540315500,842.68
1540315800,840.48
1540316100,836.66
1540316400,840.36
1540316700,840.2
1540317000,838.22
1540317300,840.23
1540317600,879.3
1540317900,877.01
1540318200,881.46
1540318500,868.01
1540318800,852.81
1540319100,883.87
1540319400,874.28
1540319700,855.27
1540320000,845.47
1540320300,851.78
1540320600,894.92
1540320900,869.8
1540321200,885.22
1540321500,879.89
1540321800,878.24
1540322100,867.55
1540322400,862.65
1540322700,907.63
1540323000,929.45
1540323300,860.54
1540323600,854.65
1540323900,853.26
1540324200,849.75
1540324500,853.96
1540324800,866.13
1540325100,852.37
1540325400,852.31
1540325700,856.98
1540326000,856.07
1540326300,854.49
1540326600,854.17
1540326900,856.1
1540327200,851.41
1540327500,885.29
1540327800,909.77
1540328100,920.77
1540328400,921.72
1540328700,927.17
1540329000,883.3
1540329300,897.28
1540329600,915.55
1540329900,906.8
1540330200,920.24
1540330500,889.05
1540330800,909.99
1540331100,916.42
1540331400,927.29
1540331700,930.53
1540332000,940.97
1540332300,925.43
1540332600,925.54
1540332900,923.77
1540333200,940.74
1540333500,923.48
1540333800,923.78
1540334100,920.05
1540334400,909.76
1540334700,927.77
1540335000,933.77
1540335300,928.48
1540335600,922.89
1540335900,902.69
1540336200,893.25
1540336500,907.94
1540336800,904.65
1540337100,904.85
1540337400,913.64
1540337700,906.54
1540338000,910.12
1540338300,904.98
1540338600,912.69
1540338900,904.66
1540339200,929.01
1540339500,923.38
1540339800,937.79
1540340100,933.88
1540340400,940.51
1540340700,936.59
1540341000,930.56
1540341300,934.02
1540341600,944.11
1540341900,945.8
1540342200,939.79
1540342500,948.82
1540342800,935.38
1540343100,942.88
1540343400,906.63
1540343700,902.07
1540344000,908.34
1540344300,909.15
1540344600,911.25
1540344900,907.91
1540345200,910.79
1540345500,941.72
1540345800,945.56
1540346100,940.86
1540346400,908
1540346700,908.91
1540347000,926.42
1540347300,905.33
1540347600,911.18
1540347900,931.87
1540348200,932.69
1540348500,915.14
1540348800,928.7
1540349100,899.96
1540349400,898.14
1540349700,907.42
1540350000,921.84
1540350300,916.83
1540350600,930.26
1540350900,912.4
1540351200,923.5
1540351500,929.94
1540351800,914.04
1540352100,911.62
1540352400,914.24
1540352700,920
1540353000,909.96
1540353300,921.82
1540353600,934.35
1540353900,919.83
1540354200,950.03
1540354500,953.69
1540354800,939.25
1540355100,907.61
1540355400,912.32
1540355700,908.1
1540356000,900.09
1540356300,908.52
1540356600,909.48
1540356900,901.36
1540357200,904.38
1540357500,911.82
1540357800,903.9
1540358100,911.62
1540358400,910.45
1540358700,895.28
1540359000,909.63
1540359300,923.55
1540359600,938.48
1540359900,944.18
1540360200,947.8
1540360500,929.61
1540360800,944.13
1540361100,911.44
1540361400,903.63
1540361700,901.08
1540362000,900.33
1540362300,895.3
1540362600,908.66
1540362900,898.27
1540363200,894.13
1540363500,920.11
1540363800,926.69
1540364100,903.62
1540364400,916.74
1540364700,917.66
1540365000,946.42
1540365300,961.96
1540365600,912.84
1540365900,901.27
1540366200,902.88
1540366500,894.66
1540366800,894.37
1540367100,951.69
1540367400,908.43
1540367700,893.63
1540368000,897.47
1540368300,888.01
1540368600,876.91
1540368900,960.76
1540369200,973.67
1540369500,974.26
1540369800,980.12
1540370100,965.37
1540370400,972.15
1540370700,887.55
1540371000,882.67
1540371300,881.55
1540371600,880.69
1540371900,880.19
1540372200,885.83
1540372500,878.02
1540372800,882.04
1540373100,885.39
1540373400,881.88
1540373700,872.62
1540374000,872.43
1540374300,889.5
1540374600,885.7
1540374900,868.54
1540375200,883.35
1540375500,873.5
1540375800,879.56
1540376100,881.57
1540376400,879.85
1540376700,877.18
1540377000,877.5
1540377300,882.54
1540377600,874.6
1540377900,875.18
1540378200,875.06
1540378500,881.23
1540378800,879.67
1540379100,873.73
1540379400,869.43
1540379700,869.28
1540380000,870.21
1540380300,872.22
1540380600,868.67
1540380900,865.18
1540381200,873.19
1540381500,874.82
1540381800,869.9
1540382100,874.49
1540382400,869.18
1540382700,870.75
1540383000,870.14
1540383300,870.55
1540383600,865.91
1540383900,874.17
1540384200,876.01
1540384500,874.13
1540384800,870.7
1540385100,878.3
1540385400,874.69
1540385700,878.51
1540386000,875.3
1540386300,876.08
1540386600,869.81
1540386900,865.5
1540387200,873.42
1540387500,876.09
1540387800,959.27
1540388100,902.84
1540388400,928.69
1540388700,932.49
1540389000,927.52
1540389300,929.2
1540389600,881.09
1540389900,977.94
1540390200,888.32
1540390500,874.7
1540390800,874.69
1540391100,871.38
1540391400,884.85
1540391700,867.75
1540392000,868.39
1540392300,874.43
1540392600,887.55
1540392900,865.8
1540393200,859.78
1540393500,861.31
1540393800,864.03
1540394100,858.61
1540394400,865.25
1540394700,855.14
1540395000,852.32
1540395300,876.63
1540395600,864.12
1540395900,884.68
1540396200,863.18
1540396500,854.26
1540396800,881.73
1540397100,855.95
1540397400,877.91
1540397700,883.5
1540398000,865.16
1540398300,868.2
1540398600,852.88
1540398900,857.72
1540399200,867
1540399500,979.37
1540399800,1039.23
1540400100,1019.27
1540400400,898.24
1540400700,924.56
1540401000,957.28
1540401300,947.67
1540401600,940.33
1540401900,952.62
1540402200,974.81
1540402500,987.15
1540402800,984.74
1540403100,955.16
1540403400,940.53
1540403700,935.54
1540404000,991.23
1540404300,988.83
1540404600,946.73
1540404900,945.14
1540405200,931.69
1540405500,948.74
1540405800,952.94
1540406100,966.76
1540406400,940.96
1540406700,943.23
1540407000,947.38
1540407300,952.13
1540407600,951.15
1540407900,923.09
1540408200,955.07
1540408500,947.29
1540408800,941.65
1540409100,950.54
1540409400,902.2
1540409700,898.75
1540410000,925.58
1540410300,893.75
1540410600,871.08
1540410900,885.85
1540411200,906.89
1540411500,929.6
1540411800,908.29
1540412100,933.88
1540412400,898.68
1540412700,890.03
1540413000,892.86
1540413300,892.68
1540413600,886.42
1540413900,900.9
1540414200,907.11
1540414500,881.36
1540414800,882.81
1540415100,873.82
1540415400,876.17
1540415700,921.27
1540416000,895.15
1540416300,884.46
1540416600,897.66
1540416900,921.14
1540417200,897.86
1540417500,924.03
1540417800,889.03
1540418100,884.33
1540418400,885.68
1540418700,907.5
1540419000,881.71
1540419300,906.44
1540419600,892.66
1540419900,890.38
1540420200,900.14
1540420500,929.67
1540420800,907.54
1540421100,922.26
1540421400,896.54
1540421700,912.57
1540422000,946
1540422300,906.58
1540422600,915.82
1540422900,931.03
1540423200,929.3
1540423500,923.53
1540423800,929.42
1540424100,926.78
1540424400,922.21
1540424700,918.74
1540425000,951.31
1540425300,909.7
1540425600,926.16
1540425900,931.99
1540426200,915.94
1540426500,915.02
1540426800,923.94
1540427100,908.58
1540427400,919.46
1540427700,920.28
1540428000,906.23
1540428300,907.13
1540428600,917.79
1540428900,913.95
1540429200,910.24
1540429500,901.71
1540429800,904.83
1540430100,901.58
1540430400,937.33
1540430700,920.19
1540431000,924.73
1540431300,961.4
1540431600,904.71
1540431900,906.67
1540432200,963.83
1540432500,918.79
1540432800,932.53
1540433100,981.02
1540433400,900.44
1540433700,900.3
1540434000,952.85
1540434300,909.93
1540434600,904.69
1540434900,947.83
1540435200,909.8
1540435500,901.7
1540435800,949.46
1540436100,904.27
1540436400,998.81
1540436700,941.11
1540437000,915.66
1540437300,897.76
1540437600,956.96
1540437900,909.71
1540438200,909.11
1540438500,917.25
1540438800,929.92
1540439100,903.02
1540439400,895.75
1540439700,889.18
1540440000,892.2
1540440300,889.27
1540440600,906.83
1540440900,886.72
1540441200,891.24
1540441500,889.25
1540441800,885.61
1540442100,893.12
1540442400,888.12
1540442700,899.71
1540443000,886.5
1540443300,897.5
1540443600,901.85
1540443900,924.04
1540444200,913.48
1540444500,902.72
1540444800,907.56
1540445100,904.38
1540445400,920.39
1540445700,912.32
1540446000,933.62
1540446300,919.7
1540446600,905.03
1540446900,893.77
1540447200,894.5
1540447500,876.11
1540447800,885.99
1540448100,877.27
1540448400,872.24
1540448700,889.25
1540449000,874.78
1540449300,889.05
1540449600,894.67
1540449900,965.49
1540450200,918.83
1540450500,877.78
1540450800,881.26
1540451100,880.29
1540451400,887.01
1540451700,888.38
1540452000,891.37
1540452300,888.72
1540452600,890.88
1540452900,900.44
1540453200,879
1540453500,869.88
1540453800,892.6
1540454100,877.69
1540454400,871.5
1540454700,900.36
1540455000,882.12
1540455300,876.43
1540455600,880.76
1540455900,870.4
1540456200,868.37
1540456500,886.75
1540456800,881.51
1540457100,875.39
1540457400,875.72
1540457700,878.67
1540458000,876.04
1540458300,878.91
1540458600,879.29
1540458900,875.78
1540459200,879.69
1540459500,881.38
1540459800,877.32
1540460100,888.4
1540460400,876.42
1540460700,875.47
1540461000,878.25
1540461300,877.71
1540461600,879.5
1540461900,875.45
1540462200,870.98
1540462500,880.37
1540462800,883.22
1540463100,880.29
1540463400,892.33
1540463700,883.49
1540464000,878.52
1540464300,895.5
1540464600,887.81
1540464900,878.68
1540465200,915.56
1540465500,878.26
1540465800,870.21
1540466100,899.27
1540466400,869.99
1540466700,877.54
1540467000,878.33
1540467300,866.74
1540467600,875.98
1540467900,878.19
1540468200,866.67
1540468500,877.99
1540468800,874.05
1540469100,873.8
1540469400,891.38
1540469700,885.12
1540470000,870.53
1540470300,892.64
1540470600,883.61
1540470900,883.86
1540471200,928.23
1540471500,876.89
1540471800,872.9
1540472100,887.66
1540472400,867.45
1540472700,866.61
1540473000,868.08
1540473300,863.29
1540473600,873.25
1540473900,869.73
1540474200,867.56
1540474500,865.12
1540474800,863.44
1540475100,860.49
1540475400,864.1
1540475700,879.05
1540476000,879.16
1540476300,862.01
1540476600,870.64
1540476900,884.67
1540477200,909.5
1540477500,893.96
1540477800,891.63
1540478100,883.38
1540478400,890.95
1540478700,904.65
1540479000,907.29
1540479300,886.1
1540479600,874.4
1540479900,873.87
1540480200,902.14
1540480500,885.67
1540480800,901.34
1540481100,900.76
1540481400,900.41
1540481700,884.38
1540482000,886.25
1540482300,885.89
1540482600,882.21
1540482900,854.98
1540483200,890.21
1540483500,873.29
1540483800,870.77
1540484100,862.95
1540484400,890.23
1540484700,872.44
1540485000,859.48
1540485300,876.27
1540485600,888.15
1540485900,861.98
1540486200,866.02
1540486500,919.63
1540486800,879.9
1540487100,858.53
1540487400,865.49
1540487700,857.27
1540488000,851.56
1540488300,851.54
1540488600,858.03
1540488900,861.68
1540489200,881.32
1540489500,855.82
1540489800,873.09
1540490100,850.51
1540490400,855.04
1540490700,856.11
1540491000,851.83
1540491300,860.22
1540491600,882.61
1540491900,879.73
1540492200,865.23
1540492500,871.38
1540492800,865
1540493100,856.78
1540493400,869.04
1540493700,866.61
1540494000,890.63
1540494300,858.67
1540494600,861.4
1540494900,859.55
1540495200,862.09
1540495500,880.22
1540495800,877.39
1540496100,867.12
1540496400,868.77
1540496700,875.11
1540497000,874.4
1540497300,867.04
1540497600,888.6
1540497900,896.8
1540498200,874.59
1540498500,872.03
1540498800,923.56
1540499100,888.28
1540499400,879.29
1540499700,890.13
1540500000,912.88
1540500300,922.37
1540500600,929.57
1540500900,923.18
1540501200,880.36
1540501500,860.34
1540501800,876.15
1540502100,873.87
1540502400,888.19
1540502700,888.79
1540503000,880.79
1540503300,882.08
1540503600,890.27
1540503900,881.07
1540504200,890.64
1540504500,891.06
1540504800,898.15
1540505100,888.55
1540505400,888.13
1540505700,889.72
1540506000,889.44
1540506300,894.91
1540506600,895.86
1540506900,891.72
1540507200,895.79
1540507500,889.97
1540507800,889.89
1540508100,892.72
1540508400,889.65
1540508700,889.44
1540509000,886.05
1540509300,882.91
1540509600,881.19
1540509900,878.62
1540510200,877.55
1540510500,882.34
1540510800,881.79
1540511100,879.13
1540511400,874.01
1540511700,871.55
1540512000,876.36
1540512300,867.4
1540512600,881.73
1540512900,884.95
1540513200,865.7
1540513500,892.73
1540513800,876.04
1540514100,869.35
1540514400,884.83
1540514700,864.3
1540515000,866.68
1540515300,875.26
1540515600,865.97
1540515900,867.06
1540516200,892.35
1540516500,867.37
1540516800,864.94
1540517100,897.78
1540517400,882.62
1540517700,878.44
1540518000,895.55
1540518300,906.71
1540518600,912.14
1540518900,903.21
1540519200,939.36
1540519500,939.13
1540519800,919.14
1540520100,885.48
1540520400,906.77
1540520700,902.28
1540521000,862.02
1540521300,892.49
1540521600,900.64
1540521900,901.4
1540522200,907.34
1540522500,902.61
1540522800,920.4
1540523100,875.46
1540523400,867.91
1540523700,863.08
1540524000,873.89
1540524300,867.9
1540524600,861.95
1540524900,865.3
1540525200,872.2
1540525500,871.58
1540525800,863.04
1540526100,867.72
1540526400,864.16
1540526700,873.86
1540527000,875.8
1540527300,869.34
1540527600,866.12
1540527900,862.74
1540528200,861.45
1540528500,870.91
1540528800,860.41
1540529100,857.84
1540529400,853.45
1540529700,860.04
1540530000,863.27
1540530300,853.1
1540530600,865.11
1540530900,865.36
1540531200,848.86
1540531500,855.42
1540531800,857.06
1540532100,858.81
1540532400,880.95
1540532700,870.39
1540533000,860.05
1540533300,899.78
1540533600,900.85
1540533900,898.15
1540534200,879.81
1540534500,882.07
1540534800,881.79
1540535100,853.36
1540535400,877.82
1540535700,843.15
1540536000,850.91
1540536300,852.18
1540536600,884.15
1540536900,912.37
1540537200,921.04
1540537500,853.99
1540537800,856.26
1540538100,849.55
1540538400,847.63
1540538700,888.58
1540539000,891.78
1540539300,891.52
1540539600,949.15
1540539900,954.11
1540540200,911.11
1540540500,895.16
1540540800,956.53
1540541100,901.08
1540541400,890.5
1540541700,928.29
1540542000,888.29
1540542300,885.53
1540542600,883.87
1540542900,884.09
1540543200,892.15
1540543500,874.65
1540543800,883.18
1540544100,888.6
1540544400,886
1540544700,898.38
1540545000,870.6
1540545300,884.53
1540545600,892.89
1540545900,891.09
1540546200,889.83
1540546500,883.97
1540546800,841.02
1540547100,836.8
1540547400,914.26
1540547700,915.14
1540548000,850.25
1540548300,838.41
1540548600,916.63
1540548900,918.22
1540549200,835.77
1540549500,840.14
1540549800,829.92
1540550100,831.2
1540550400,822.3
1540550700,816.56
1540551000,817.86
1540551300,833.86
1540551600,822.46
1540551900,827.07
1540552200,820.39
1540552500,813.86
1540552800,825.12
1540553100,827.22
1540553400,817.25
1540553700,821.77
1540554000,818.71
1540554300,815.03
1540554600,821.29
1540554900,814.95
1540555200,804.47
1540555500,807.53
1540555800,808.2
1540556100,811.35
1540556400,816
1540556700,813.02
1540557000,801.93
1540557300,809.52
1540557600,810.5
1540557900,836.5
1540558200,809.85
1540558500,800.58
1540558800,796.27
1540559100,796.9
1540559400,804.66
1540559700,802.12
1540560000,800.78
1540560300,793.51
1540560600,796.81
1540560900,792.83
1540561200,802.84
1540561500,832.66
1540561800,798.18
1540562100,801.6
1540562400,796.12
1540562700,802.55
1540563000,813.22
1540563300,809.66
1540563600,812.25
1540563900,810.79
1540564200,813.48
1540564500,814.74
1540564800,805.01
1540565100,860.26
1540565400,810.03
1540565700,806.69
1540566000,814.94
1540566300,814
1540566600,813.61
1540566900,808.85
1540567200,803.75
1540567500,809.55
1540567800,813.3
1540568100,813.71
1540568400,809.63
1540568700,812.9
1540569000,808.13
1540569300,807.79
1540569600,813.91
1540569900,811.42
1540570200,846.32
1540570500,872.65
1540570800,845.61
1540571100,816.13
1540571400,813.59
1540571700,810.16
1540572000,820.78
1540572300,828.17
1540572600,834.29
1540572900,832.05
1540573200,828.45
1540573500,863.56
1540573800,826.27
1540574100,845.79
1540574400,838.45
1540574700,849.57
1540575000,825.05
1540575300,823.97
1540575600,888.95
1540575900,853.99
1540576200,839.22
1540576500,837.91
1540576800,834.08
1540577100,839.33
1540577400,834.03
1540577700,873.95
1540578000,839.7
1540578300,834.22
1540578600,835
1540578900,824.06
1540579200,832.39
1540579500,868.96
1540579800,838.57
1540580100,834.59
1540580400,828.95
1540580700,892.18
1540581000,877.86
1540581300,883.01
1540581600,877.38
1540581900,846.35
1540582200,845.34
1540582500,850.72
1540582800,845.52
1540583100,850.48
1540583400,846.12
1540583700,855.57
1540584000,859.46
1540584300,864.42
1540584600,859.21
1540584900,843.76
1540585200,840.96
1540585500,845.79
1540585800,838.16
1540586100,873.79
1540586400,882.69
1540586700,873.05
1540587000,874.5
1540587300,881.42
1540587600,877.45
1540587900,889.41
1540588200,882.07
1540588500,871.01
1540588800,851.41
1540589100,834.84
1540589400,826.55
1540589700,830.07
1540590000,822.87
1540590300,827
1540590600,836.09
1540590900,835.31
1540591200,834.04
1540591500,827.25
1540591800,829.05
1540592100,811.55
1540592400,823.08
1540592700,836.37
1540593000,828.51
1540593300,830.1
1540593600,834.31
1540593900,835.19
1540594200,851.74
1540594500,838.54
1540594800,835.99
1540595100,887.03
1540595400,829.14
1540595700,823.87
1540596000,831.63
1540596300,827.65
1540596600,832.25
1540596900,827.12
1540597200,829.23
1540597500,834.06
1540597800,846.09
1540598100,846.95
1540598400,837.83
1540598700,843.1
1540599000,839.96
1540599300,839.1
1540599600,853.02
1540599900,844.5
1540600200,842.59
1540600500,844.76
1540600800,849.67
1540601100,847.47
1540601400,852.02
1540601700,852.4
1540602000,850.39
1540602300,852.88
1540602600,875.53
1540602900,870.22
1540603200,870.12
1540603500,867.63
1540603800,873.15
1540604100,865.13
1540604400,867.82
1540604700,871.8
1540605000,871.68
1540605300,871.03
1540605600,865.24
1540605900,857.41
1540606200,864.05
1540606500,856.76
1540606800,873.22
1540607100,888.95
1540607400,886.91
1540607700,895.54
1540608000,897.14
1540608300,934.61
1540608600,898.29
1540608900,946.04
1540609200,940.98
1540609500,906.01
1540609800,930.43
1540610100,932.47
1540610400,856.06
1540610700,904.59
1540611000,900.05
1540611300,870.8
1540611600,915
1540611900,907.54
1540612200,886.78
1540612500,935.67
1540612800,913.55
1540613100,899.15
1540613400,971.59
1540613700,932.93
1540614000,894.83
1540614300,928.32
1540614600,911.32
1540614900,943.51
1540615200,962.56
1540615500,932.29
1540615800,958.1
1540616100,895.4
1540616400,942.32
1540616700,896.64
1540617000,930.97
1540617300,941.18
1540617600,903.82
1540617900,888.26
1540618200,918.9
1540618500,937.25
1540618800,924.34
1540619100,882.47
1540619400,895.21
1540619700,923.04
1540620000,917.14
1540620300,857.5
1540620600,884.33
1540620900,880.29
1540621200,863.5
1540621500,898.75
1540621800,906.6
1540622100,863.09
1540622400,886.97
1540622700,890.07
1540623000,850.16
1540623300,882.05
1540623600,876.67
1540623900,858.97
1540624200,878.92
1540624500,893.02
1540624800,869.19
1540625100,866.77
1540625400,887.27
1540625700,861.64
1540626000,899.4
1540626300,866.51
1540626600,894.63
1540626900,886.07
1540627200,867.75
1540627500,910.92
1540627800,902.2
1540628100,871.32
1540628400,899.43
1540628700,902.51
1540629000,875.63
1540629300,901.95
1540629600,907.03
1540629900,882.52
1540630200,903.18
1540630500,906.62
1540630800,875.99
1540631100,892.4
1540631400,910.38
1540631700,867.38
1540632000,918.72
1540632300,910.05
1540632600,869.68
1540632900,909.23
1540633200,898.55
1540633500,871.15
1540633800,903.02
1540634100,911.11
1540634400,872.49
1540634700,878.55
1540635000,893.16
1540635300,871.73
1540635600,884.27
1540635900,907.48
1540636200,875.51
1540636500,874.52
1540636800,900.51
1540637100,902.33
1540637400,870.37
1540637700,903.37
1540638000,905.36
1540638300,867.62
1540638600,894.77
1540638900,897.96
1540639200,864.45
1540639500,903.65
1540639800,868.59
1540640100,870.98
1540640400,870.97
1540640700,881.87
1540641000,864.54
1540641300,879.27
1540641600,877.89
1540641900,884.52
1540642200,907.37
1540642500,880.71
1540642800,874.59
1540643100,900.43
1540643400,878.84
1540643700,873.71
1540644000,909.67
1540644300,875.72
1540644600,878.09
1540644900,892.62
1540645200,897.2
1540645500,875.08
1540645800,903.27
1540646100,902.86
1540646400,867.8
1540646700,895.9
1540647000,899.38
1540647300,864.61
1540647600,906.62
1540647900,872.93
1540648200,857.96
1540648500,873.28
1540648800,865.49
1540649100,862.25
1540649400,863.83
1540649700,862.37
1540650000,866.52
1540650300,867.16
1540650600,877.84
1540650900,861.72
1540651200,872.1
1540651500,861.75
1540651800,866.48
1540652100,870.34
1540652400,877.96
1540652700,867.4
1540653000,870.87
1540653300,863.95
1540653600,870.07
1540653900,862.78
1540654200,865.37
1540654500,883.8
1540654800,871.83
1540655100,877.27
1540655400,871.13
1540655700,871.94
1540656000,875.8
1540656300,871.98
1540656600,875.98
1540656900,876.24
1540657200,872.35
1540657500,879.34
1540657800,877.8
1540658100,875.51
1540658400,877.57
1540658700,872.96
1540659000,873.99
1540659300,929.93
1540659600,942.03
1540659900,934.58
1540660200,882.22
1540660500,866.42
1540660800,869.72
1540661100,866.13
1540661400,864.01
1540661700,869.12
1540662000,866.1
1540662300,876.19
1540662600,869.13
1540662900,871.61
1540663200,871.21
1540663500,873.24
1540663800,867.17
1540664100,870.6
1540664400,864.22
1540664700,874.27
1540665000,874.66
1540665300,865.78
1540665600,861.66
1540665900,864.19
1540666200,861.01
1540666500,870.48
1540666800,870.82
1540667100,874.53
1540667400,864.72
1540667700,862.39
1540668000,864.9
1540668300,865.64
1540668600,857.92
1540668900,868.6
1540669200,862.73
1540669500,854.62
1540669800,855.41
1540670100,861.31
1540670400,862.42
1540670700,857.71
1540671000,860.31
1540671300,855.28
1540671600,863.91
1540671900,857.65
1540672200,863.56
1540672500,865.1
1540672800,857.01
1540673100,851.17
1540673400,856.11
1540673700,857.96
1540674000,859.42
1540674300,858.33
1540674600,856
1540674900,855.72
1540675200,858.5
1540675500,859.89
1540675800,851.84
1540676100,859.06
1540676400,858.67
1540676700,859.21
1540677000,853.48
1540677300,854.92
1540677600,853.65
1540677900,851.72
1540678200,849.97
1540678500,848.1
1540678800,851.87
1540679100,851.97
1540679400,857.56
1540679700,853.82
1540680000,848.42
1540680300,846.14
1540680600,851.8
1540680900,853.15
1540681200,852.25
1540681500,849
1540681800,857.35
1540682100,850.71
1540682400,855.32
1540682700,851.36
1540683000,852.24
1540683300,854.6
1540683600,849.56
1540683900,847.31
1540684200,845.95
1540684500,854.17
1540684800,852.62
1540685100,874.24
1540685400,855.94
1540685700,855.73
1540686000,857.89
1540686300,839.01
1540686600,864.88
1540686900,879
1540687200,843.82
1540687500,837.87
1540687800,832.08
1540688100,849.04
1540688400,832.45
1540688700,829.06
1540689000,833.01
1540689300,834.35
1540689600,830.59
1540689900,830.08
1540690200,826.55
1540690500,827.36
1540690800,851.5
1540691100,851.7
1540691400,893.64
1540691700,877.53
1540692000,878.17
1540692300,828.6
1540692600,821.06
1540692900,842.75
1540693200,876.83
1540693500,853.09
1540693800,817.68
1540694100,817.24
1540694400,821.8
1540694700,820.17
1540695000,812.13
1540695300,816.76
1540695600,827.21
1540695900,826.44
1540696200,820.37
1540696500,866.12
1540696800,834.86
1540697100,900.71
1540697400,905.93
1540697700,917.67
1540698000,830.25
1540698300,824.66
1540698600,823.05
1540698900,824.33
1540699200,831.86
1540699500,830.37
1540699800,838.05
1540700100,840.78
1540700400,907.76
1540700700,902.54
1540701000,904.65
1540701300,937.88
1540701600,882.67
1540701900,885.28
1540702200,895.65
1540702500,936.82
1540702800,871.75
1540703100,878.19
1540703400,882.2
1540703700,907.33
1540704000,879.47
1540704300,890.45
1540704600,839
1540704900,894.67
1540705200,865.99
1540705500,841.01
1540705800,866.1
1540706100,927.15
1540706400,918.62
1540706700,914.43
1540707000,871.44
1540707300,874.73
1540707600,915.67
1540707900,867.72
1540708200,876.94
1540708500,866.47
1540708800,881.78
1540709100,847.79
1540709400,880.68
1540709700,868.36
1540710000,868.01
1540710300,885.64
1540710600,875.27
1540710900,889.37
1540711200,932.53
1540711500,876.18
1540711800,898.51
1540712100,844.92
1540712400,874.06
1540712700,897.8
1540713000,851.59
1540713300,877.93
1540713600,896.46
1540713900,939.83
1540714200,953.65
1540714500,948.36
1540714800,918.09
1540715100,973.37
1540715400,884.94
1540715700,884.75
1540716000,907.7
1540716300,908.52
1540716600,856.86
1540716900,857.8
1540717200,888.42
1540717500,896.15
1540717800,846.94
1540718100,856.45
1540718400,889.97
1540718700,860.77
1540719000,888.67
1540719300,863.35
1540719600,860.6
1540719900,881.42
1540720200,896.97
1540720500,869.69
1540720800,882.34
1540721100,850.38
1540721400,829.54
1540721700,826.47
1540722000,871.17
1540722300,863.46
1540722600,821.8
1540722900,820.59
1540723200,834.13
1540723500,830.92
1540723800,814.3
1540724100,816.97
1540724400,835.58
1540724700,840.77
1540725000,823.82
1540725300,813.17
1540725600,819.23
1540725900,832.88
1540726200,865.03
1540726500,818.95
1540726800,817.18
1540727100,844.41
1540727400,865.4
1540727700,823.44
1540728000,816.99
1540728300,820.7
1540728600,820.24
1540728900,820.07
1540729200,861.24
1540729500,854.34
1540729800,820.21
1540730100,818.32
1540730400,855.85
1540730700,817.98
1540731000,808.51
1540731300,857.68
1540731600,859.83
1540731900,815.91
1540732200,859.89
1540732500,854.36
1540732800,819.53
1540733100,814.53
1540733400,846.13
1540733700,821.95
1540734000,818.33
1540734300,814.94
1540734600,811.39
1540734900,810.15
1540735200,811.37
1540735500,811.12
1540735800,805.66
1540736100,823.88
1540736400,821.66
1540736700,820.03
1540737000,819.81
1540737300,834.62
1540737600,833.31
1540737900,809.79
1540738200,848.81
1540738500,846.81
1540738800,818.49
1540739100,806.8
1540739400,846.99
1540739700,858.48
1540740000,826.12
1540740300,819.87
1540740600,817.43
1540740900,852.03
1540741200,843.14
1540741500,805.59
1540741800,838.97
1540742100,822.25
1540742400,795.85
1540742700,839.41
1540743000,809.22
1540743300,804.6
1540743600,840.87
1540743900,806.01
1540744200,810.24
1540744500,835.06
1540744800,805.56
1540745100,798.31
1540745400,839.96
1540745700,801.8
1540746000,824.05
1540746300,839.13
1540746600,804.12
1540746900,847.82
1540747200,834.63
1540747500,798.69
1540747800,826.81
1540748100,835.92
1540748400,803.94
1540748700,838.97
1540749000,839.56
1540749300,801.44
1540749600,841.49
1540749900,835.08
1540750200,796.27
1540750500,837.95
1540750800,845.06
1540751100,806.94
1540751400,840.45
1540751700,833.95
1540752000,802.62
1540752300,832.87
1540752600,843.63
1540752900,803.91
1540753200,824.26
1540753500,834.81
1540753800,803.67
1540754100,838.76
1540754400,798.86
1540754700,805.35
1540755000,843.36
1540755300,810.75
1540755600,836.96
1540755900,930.57
1540756200,881.86
1540756500,942.28
1540756800,981.98
1540757100,938.01
1540757400,977.44
1540757700,971.27
1540758000,925.72
1540758300,950.5
1540758600,970.2
1540758900,941.01
1540759200,933.02
1540759500,956.55
1540759800,927.21
1540760100,925.01
1540760400,966.04
1540760700,958.37
1540761000,938.9
1540761300,924.77
1540761600,939.66
1540761900,879.36
1540762200,902.7
1540762500,894.34
1540762800,826.47
1540763100,839.82
1540763400,826.49
1540763700,805.53
1540764000,846.77
1540764300,837.8
1540764600,828.62
1540764900,804.1
1540765200,848.6
1540765500,835.7
1540765800,828.66
1540766100,796.84
1540766400,830.68
1540766700,832.59
1540767000,797.71
1540767300,836.33
1540767600,826.83
1540767900,830.8
1540768200,793.51
1540768500,833.88
1540768800,827.24
1540769100,835.32
1540769400,803.64
1540769700,849.92
1540770000,840.08
1540770300,815.26
1540770600,851.36
1540770900,865.85
1540771200,829.22
1540771500,852.84
1540771800,864.48
1540772100,810.48
1540772400,873.93
1540772700,864.36
1540773000,809.74
1540773300,902.5
1540773600,883.11
1540773900,827.5
1540774200,836.07
1540774500,852.41
1540774800,818.39
1540775100,841.13
1540775400,862.44
1540775700,808.46
1540776000,824.44
1540776300,829.95
1540776600,817.96
1540776900,801.43
1540777200,805.84
1540777500,798.05
1540777800,800.16
1540778100,792.92
1540778400,802.12
1540778700,840.29
1540779000,851.97
1540779300,818.67
1540779600,844.78
1540779900,810.57
1540780200,827.45
1540780500,854
1540780800,808.81
1540781100,849.44
1540781400,855.45
1540781700,820.35
1540782000,848.51
1540782300,859.46
1540782600,827.56
1540782900,827.65
1540783200,836.7
1540783500,844.11
1540783800,810.48
1540784100,826.54
1540784400,824.66
1540784700,821.69
1540785000,807.55
1540785300,870.75
1540785600,853.53
1540785900,883.5
1540786200,902.76
1540786500,899.05
1540786800,880.33
1540787100,891.58
1540787400,839.44
1540787700,890.42
1540788000,806.76
1540788300,888
1540788600,866.14
1540788900,906.48
1540789200,826.28
1540789500,892
1540789800,868.93
1540790100,866.68
1540790400,865.84
1540790700,872.21
1540791000,895.25
1540791300,870.84
1540791600,899.43
1540791900,832.74
1540792200,887.29
1540792500,829.71
1540792800,887.35
1540793100,870.25
1540793400,873.01
1540793700,880.15
1540794000,846.18
1540794300,865.04
1540794600,898.67
1540794900,849.64
1540795200,877.26
1540795500,855.31
1540795800,892.96
1540796100,847.89
1540796400,892.5
1540796700,879.64
1540797000,889.14
1540797300,851.59
1540797600,885.69
1540797900,879.8
1540798200,874.49
1540798500,879.02
1540798800,872.35
1540799100,893.45
1540799400,848.69
1540799700,871.69
1540800000,844.03
1540800300,904.58
1540800600,847.15
1540800900,900.68
1540801200,861.11
1540801500,906.34
1540801800,876.65
1540802100,898.16
1540802400,834.8
1540802700,899.83
1540803000,853.99
1540803300,867.21
1540803600,877.04
1540803900,907.21
1540804200,881.39
1540804500,858.11
1540804800,896.96
1540805100,894.25
1540805400,882.78
1540805700,890.77
1540806000,905.13
1540806300,871.82
1540806600,873.76
1540806900,901.31
1540807200,877.19
1540807500,901.8
1540807800,880.73
1540808100,898.06
1540808400,849.72
1540808700,871.86
1540809000,852.34
1540809300,876.33
1540809600,857.16
1540809900,870.45
1540810200,886.99
1540810500,869.76
1540810800,878.81
1540811100,879.2
1540811400,897.09
1540811700,869.33
1540812000,878.43
1540812300,902.87
1540812600,877.5
1540812900,878.85
1540813200,877.13
1540813500,905.62
1540813800,881.45
1540814100,893.54
1540814400,887.63
1540814700,863.37
1540815000,847.37
1540815300,869.48
1540815600,895.89
1540815900,862.75
1540816200,878.27
1540816500,858.8
1540816800,880.56
1540817100,870.61
1540817400,870.86
1540817700,884.87
1540818000,867.78
1540818300,887.64
1540818600,863.12
1540818900,837.87
1540819200,857.91
1540819500,834.04
1540819800,880.5
1540820100,835.64
1540820400,885.08
1540820700,867.79
1540821000,888.53
1540821300,888.46
1540821600,846.43
1540821900,882.94
1540822200,837.82
1540822500,877.07
1540822800,869.53
1540823100,874.08
1540823400,851.28
1540823700,902.46
1540824000,831.91
1540824300,889.78
1540824600,830.93
1540824900,814.24
1540825200,836.36
1540825500,921.22
1540825800,820.31
1540826100,818.15
1540826400,828.43
1540826700,936.56
1540827000,853.35
1540827300,850.26
1540827600,936.26
1540827900,839.18
1540828200,821.19
1540828500,820.51
1540828800,908.55
1540829100,830.29
1540829400,824.48
1540829700,827.24
1540830000,910.25
1540830300,826.82
1540830600,858.3
1540830900,853.67
1540831200,864.94
1540831500,910.22
1540831800,834.43
1540832100,841.81
1540832400,857.39
1540832700,846.64
1540833000,838.25
1540833300,841.96
1540833600,843.95
1540833900,882.59
1540834200,932.77
1540834500,857.37
1540834800,839.07
1540835100,939.42
1540835400,864.85
1540835700,873.67
1540836000,957.49
1540836300,868.97
1540836600,883.54
1540836900,971.4
1540837200,910.41
1540837500,981.17
1540837800,912.37
1540838100,904.71
1540838400,914.89
1540838700,943.01
1540839000,924.17
1540839300,1027.79
1540839600,1028.47
1540839900,937.92
1540840200,978.88
1540840500,949.92
1540840800,896.96
1540841100,936.43
1540841400,888.06
1540841700,927.09
1540842000,932.93
1540842300,946.56
1540842600,966.29
1540842900,902.54
1540843200,950.72
1540843500,877.58
1540843800,952.67
1540844100,891.16
1540844400,948.86
1540844700,898.66
1540845000,953.22
1540845300,951.12
1540845600,904.56
1540845900,937.32
1540846200,930.63
1540846500,937.59
1540846800,954.95
1540847100,911.91
1540847400,887.18
1540847700,969
1540848000,938.72
1540848300,893.19
1540848600,975.51
1540848900,940.8
1540849200,925.28
1540849500,938.83
1540849800,984.19
1540850100,902.73
1540850400,935.99
1540850700,944.8
1540851000,906.28
1540851300,953.33
1540851600,904.2
1540851900,890.24
1540852200,924.45
1540852500,892.58
1540852800,916.7
1540853100,888.35
1540853400,944.67
1540853700,971.79
1540854000,958.42
1540854300,956.04
1540854600,945.88
1540854900,908.34
1540855200,880.01
1540855500,890.75
1540855800,960.16
1540856100,918.11
1540856400,970.91
1540856700,948.02
1540857000,968.17
1540857300,982.7
1540857600,921.95
1540857900,960.18
1540858200,886.29
1540858500,969.76
1540858800,889.23
1540859100,954.85
1540859400,892.85
1540859700,964.88
1540860000,894.51
1540860300,952.26
1540860600,888.42
1540860900,958.98
1540861200,901.97
1540861500,964.48
1540861800,957.49
1540862100,967.65
1540862400,970.28
1540862700,960.45
1540863000,996.71
1540863300,921.6
1540863600,980.75
1540863900,908.3
1540864200,983
1540864500,909.93
1540864800,971.48
1540865100,935.43
1540865400,955.02
1540865700,952.31
1540866000,970.12
1540866300,895.84
1540866600,895.69
1540866900,897.6
1540867200,903.58
1540867500,898.67
1540867800,957.33
1540868100,956.73
1540868400,990.72
1540868700,972.36
1540869000,917.03
1540869300,906.67
1540869600,889.99
1540869900,896.24
1540870200,887.45
1540870500,902.61
1540870800,890.62
1540871100,905.23
1540871400,890.92
1540871700,896.06
1540872000,914.32
1540872300,906.25
1540872600,909.35
1540872900,902.68
1540873200,890.4
1540873500,889.58
1540873800,906.73
1540874100,898.62
1540874400,894.22
1540874700,892.02
1540875000,889.81
1540875300,905.38
1540875600,902.56
1540875900,898.77
1540876200,905.26
1540876500,898.54
1540876800,898.56
1540877100,896.32
1540877400,890.57
1540877700,900.03
1540878000,889.37
1540878300,899.3
1540878600,893.45
1540878900,898.75
1540879200,899.43
1540879500,894.15
1540879800,893.3
1540880100,896.52
1540880400,893.44
1540880700,991.97
1540881000,907.89
1540881300,935.84
1540881600,936.51
1540881900,985.38
1540882200,908.76
1540882500,975.03
1540882800,903.99
1540883100,975.35
1540883400,909.29
1540883700,900.22
1540884000,946.6
1540884300,897.31
1540884600,896.27
1540884900,965.86
1540885200,899.73
1540885500,890.65
1540885800,964.9
1540886100,1004.81
1540886400,908.5
1540886700,901.65
1540887000,892.16
1540887300,900.01
1540887600,898.15
1540887900,898.3
1540888200,897.04
1540888500,898.19
1540888800,896.72
1540889100,892.03
1540889400,904.5
1540889700,892.92
1540890000,899.84
1540890300,895.28
1540890600,894.38
1540890900,894.79
1540891200,895.05
1540891500,890.78
1540891800,899.44
1540892100,896.29
1540892400,891.57
1540892700,894.33
1540893000,888.84
1540893300,890.66
1540893600,896.28
1540893900,900.15
1540894200,893.14
1540894500,889.47
1540894800,894.36
1540895100,890.68
1540895400,893.66
1540895700,892.65
1540896000,887.76
1540896300,892.49
1540896600,889.1
1540896900,882.88
1540897200,887.32
1540897500,897.95
1540897800,897.33
1540898100,889.22
1540898400,894.82
1540898700,900.2
1540899000,893.22
1540899300,888.99
1540899600,887.72
1540899900,889.65
1540900200,883.08
1540900500,882.35
1540900800,881.73
1540901100,884.85
1540901400,883.24
1540901700,885.81
1540902000,889.24
1540902300,884.29
1540902600,877.72
1540902900,882.45
1540903200,889.7
1540903500,883.06
1540903800,878.47
1540904100,879.68
1540904400,879.86
1540904700,884.94
1540905000,881.52
1540905300,886.84
1540905600,888.89
1540905900,888.35
1540906200,878.61
1540906500,876.42
1540906800,878.57
1540907100,894.64
1540907400,889.55
1540907700,883.99
1540908000,875.82
1540908300,873.45
1540908600,882.01
1540908900,884.46
1540909200,880.13
1540909500,885.51
1540909800,878.11
1540910100,883.6
1540910400,886.14
1540910700,882.5
1540911000,890.31
1540911300,887.35
1540911600,887.94
1540911900,885.06
1540912200,879.14
1540912500,882.49
1540912800,878.53
1540913100,878.82
1540913400,880.38
1540913700,897.86
1540914000,915.84
1540914300,898.25
1540914600,1152.29
1540914900,1174.29
1540915200,1134.6
1540915500,1127.74
1540915800,918.53
1540916100,894.21
1540916400,885.34
1540916700,888.56
1540917000,941.79
1540917300,917.27
1540917600,900.08
1540917900,898.28
1540918200,935.33
1540918500,931.85
1540918800,903.37
1540919100,895.35
1540919400,897.45
1540919700,919.52
1540920000,930.2
1540920300,931.04
1540920600,944.65
1540920900,944.06
1540921200,961.19
1540921500,960.43
1540921800,953.04
1540922100,955.7
1540922400,957.61
1540922700,947.2
1540923000,919.53
1540923300,930.09
1540923600,918.81
1540923900,911.07
1540924200,937.67
1540924500,917.94
1540924800,1019.06
1540925100,934.56
1540925400,1007.51
1540925700,1005.68
1540926000,957.39
1540926300,944.21
1540926600,1025.6
1540926900,986.08
1540927200,944.71
1540927500,947.49
1540927800,1023.59
1540928100,957.16
1540928400,975.73
1540928700,910.22
1540929000,905.68
1540929300,921.49
1540929600,979.99
1540929900,988.78
1540930200,992.22
1540930500,997.8
1540930800,924.02
1540931100,933.71
1540931400,934.41
1540931700,931
1540932000,899.77
1540932300,976.72
1540932600,911.4
1540932900,944.9
1540933200,915.12
1540933500,980.54
1540933800,937.74
1540934100,996.91
1540934400,942.9
1540934700,939.17
1540935000,922.62
1540935300,998.85
1540935600,985.57
1540935900,918.26
1540936200,952.33
1540936500,920.39
1540936800,937.39
1540937100,1005.56
1540937400,936.21
1540937700,962.64
1540938000,999.81
1540938300,1019.55
1540938600,948
1540938900,916.41
1540939200,923.73
1540939500,935.39
1540939800,951.47
1540940100,920.42
1540940400,993.31
1540940700,997.28
1540941000,901.38
1540941300,925.28
1540941600,991.61
1540941900,909.81
1540942200,922.54
1540942500,930.66
1540942800,898.24
1540943100,953.35
1540943400,988.47
1540943700,986.18
1540944000,917.73
1540944300,902.37
1540944600,921.65
1540944900,946.01
1540945200,990.09
1540945500,993.4
1540945800,993.53
1540946100,988.22
1540946400,1014.18
1540946700,943.16
1540947000,931.06
1540947300,919.58
1540947600,933.07
1540947900,915.93
1540948200,941.42
1540948500,929.3
1540948800,967.77
1540949100,948.73
1540949400,982.75
1540949700,913.9
1540950000,911.19
1540950300,902.08
1540950600,906.28
1540950900,907.66
1540951200,903.17
1540951500,911.84
1540951800,918.71
1540952100,922.76
1540952400,1015.98
1540952700,931.14
1540953000,1018.27
1540953300,969.93
1540953600,965.71
1540953900,967.22
1540954200,978.74
1540954500,997.36
1540954800,932.18
1540955100,973.32
1540955400,925.67
1540955700,974.91
1540956000,921.17
1540956300,975.46
1540956600,922.63
1540956900,975.07
1540957200,899.54
1540957500,953.03
1540957800,984.65
1540958100,978.64
1540958400,988.87
1540958700,975.04
1540959000,1004.4
1540959300,900.57
1540959600,926.42
1540959900,902.84
1540960200,931.84
1540960500,964.83
1540960800,985.65
1540961100,941.39
1540961400,907.53
1540961700,932.61
1540962000,902.3
1540962300,981.45
1540962600,966.68
1540962900,991.43
1540963200,948.47
1540963500,985.48
1540963800,995.94
1540964100,983.68
1540964400,994.27
1540964700,958.74
1540965000,942.17
1540965300,941.83
1540965600,975.16
1540965900,971.94
1540966200,915.28
1540966500,909.39
1540966800,912.84
1540967100,937.87
1540967400,921.31
1540967700,960.33
1540968000,907.14
1540968300,898.64
1540968600,966.68
1540968900,885.72
1540969200,887.3
1540969500,883.04
1540969800,939.34
1540970100,940.68
1540970400,947.49
1540970700,877.08
1540971000,952.01
1540971300,881.61
1540971600,944.59
1540971900,906.26
1540972200,941.18
1540972500,891.31
1540972800,938.84
1540973100,885.83
1540973400,924.1
1540973700,896.88
1540974000,925.7
1540974300,914.98
1540974600,952.23
1540974900,928.78
1540975200,921.08
1540975500,972.11
1540975800,898.48
1540976100,958.28
1540976400,894.64
1540976700,965.42
1540977000,901.03
1540977300,930.16
1540977600,902.11
1540977900,913.8
1540978200,929.19
1540978500,919.94
1540978800,916.83
1540979100,907.04
1540979400,914.2
1540979700,918.46
1540980000,919.6
1540980300,921.89
1540980600,930.55
1540980900,933.13
1540981200,915.73
1540981500,904.69
1540981800,920.2
1540982100,912.64
1540982400,897.64
1540982700,902.36
1540983000,885.41
1540983300,871.88
1540983600,885.03
1540983900,876.01
1540984200,876.2
1540984500,876.4
1540984800,882.69
1540985100,866.8
1540985400,874.36
1540985700,873.62
1540986000,875.35
1540986300,886.78
1540986600,866.7
1540986900,876.02
1540987200,876.39
1540987500,908.69
1540987800,904.41
1540988100,900.74
1540988400,876.13
1540988700,883.68
1540989000,886.9
1540989300,869.45
1540989600,890.83
1540989900,880.21
1540990200,872.15
1540990500,875.6
1540990800,872.77
1540991100,879.73
1540991400,900.94
1540991700,896.59
1540992000,875.33
1540992300,871
1540992600,877.22
1540992900,879.34
1540993200,882.61
1540993500,954.34
1540993800,893.4
1540994100,877.33
1540994400,936.97
1540994700,894.64
1540995000,1004.56
1540995300,961.85
1540995600,946.81
1540995900,938.23
1540996200,961.13
1540996500,943.7
1540996800,949.11
1540997100,946.85
1540997400,889.39
1540997700,897.3
1540998000,909.61
1540998300,950.05
1540998600,906.3
1540998900,935.24
1540999200,935.62
1540999500,940.66
1540999800,934
1541000100,945.18
1541000400,951.47
1541000700,966.02
1541001000,936.57
1541001300,927.27
1541001600,899.18
1541001900,911.29
1541002200,934.82
1541002500,958.81
1541002800,943.48
1541003100,964.48
1541003400,929.06
1541003700,911.3
1541004000,923.05
1541004300,907.99
1541004600,876.84
1541004900,919.24
1541005200,961.16
1541005500,903.64
1541005800,919.38
1541006100,965.57
1541006400,915.69
1541006700,910.73
1541007000,935.51
1541007300,917.95
1541007600,888.91
1541007900,905.58
1541008200,910.8
1541008500,894.86
1541008800,884.96
1541009100,917.45
1541009400,905.62
1541009700,922.63
1541010000,950.35
1541010300,899.18
1541010600,948.28
1541010900,930.19
1541011200,948.11
1541011500,962.03
1541011800,925.31
1541012100,940.87
1541012400,952.34
1541012700,916.01
1541013000,931.1
1541013300,945.37
1541013600,955.41
1541013900,976.43
1541014200,925.88
1541014500,924.33
1541014800,915.93
1541015100,938.87
1541015400,940.46
1541015700,909.39
1541016000,934.03
1541016300,889.48
1541016600,880.83
1541016900,892.83
1541017200,886.58
1541017500,891.58
1541017800,883.01
1541018100,922.26
1541018400,889.52
1541018700,895.74
1541019000,906.01
1541019300,877.08
1541019600,882.61
1541019900,897.12
1541020200,902.87
1541020500,888.97
1541020800,882.54
1541021100,889.2
1541021400,894.59
1541021700,900.47
1541022000,891.2
1541022300,878.89
1541022600,958.84
1541022900,877.31
1541023200,898.36
1541023500,912.93
1541023800,893.14
1541024100,891.51
1541024400,894.98
1541024700,875.74
1541025000,883.9
1541025300,921.27
1541025600,887.21
1541025900,901.15
1541026200,876.09
1541026500,889.29
1541026800,871.88
1541027100,883.7
1541027400,906.24
1541027700,879.42
1541028000,890.25
1541028300,880.44
1541028600,868.03
1541028900,882.15
1541029200,891.92
1541029500,886.57
1541029800,872.76
1541030100,875.48
1541030400,873.99
1541030700,878
1541031000,881.76
1541031300,887.96
1541031600,880.48
1541031900,875.76
1541032200,881.75
1541032500,876.37
1541032800,892.78
1541033100,982.02
1541033400,916.77
1541033700,943.61
1541034000,911.11
1541034300,925.99
1541034600,899.65
1541034900,894.36
1541035200,906.12
1541035500,894.91
1541035800,892.83
1541036100,923.2
1541036400,906.48
1541036700,900.83
1541037000,895.66
1541037300,916.01
1541037600,897.67
1541037900,913.65
1541038200,913.16
1541038500,897.25
1541038800,928.18
1541039100,908.77
1541039400,912.73
1541039700,924.6
1541040000,906.42
1541040300,904.45
1541040600,925.89
1541040900,906.16
1541041200,932.14
1541041500,928.13
1541041800,893.55
1541042100,940.32
1541042400,923.67
1541042700,931.83
1541043000,921.01
1541043300,911.48
1541043600,932.81
1541043900,911.6
1541044200,930.42
1541044500,903.08
1541044800,900.33
1541045100,936.64
1541045400,915
1541045700,938.17
1541046000,919.73
1541046300,936.92
1541046600,899.83
1541046900,906.82
1541047200,931.72
1541047500,913.21
1541047800,941.71
1541048100,951.33
1541048400,908.86
1541048700,934.53
1541049000,947.97
1541049300,945.44
1541049600,907.1
1541049900,922.4
1541050200,935.69
1541050500,951.05
1541050800,928.65
