1539551100,47.87
1539551400,47.8
1539551700,47.67
1539552000,47.89
1539552300,48.26
1539552600,48.16
1539552900,47.74
1539553200,47.56
1539553500,47.7
1539553800,47.44
1539554100,47.48
1539554400,47.36
1539554700,46.81
1539555000,47
1539555300,46.69
1539555600,45.04
1539555900,45.05
1539556200,48.94
1539556500,45.92
1539556800,44.63
1539557100,43.16
1539557400,42.67
1539557700,42.15
1539558000,42.13
1539558300,41.34
1539558600,46.91
1539558900,42.42
1539559200,42.19
1539559500,40.45
1539559800,40.86
1539560100,44.37
1539560400,46.74
1539560700,43.61
1539561000,42.02
1539561300,40.21
1539561600,42.03
1539561900,38.4
1539562200,39.72
1539562500,37.07
1539562800,35.79
1539563100,35.5
1539563400,37.56
1539563700,34.61
1539564000,33.95
1539564300,34.59
1539564600,34.04
1539564900,33.63
1539565200,34.13
1539565500,33.05
1539565800,33.41
1539566100,33.2
1539566400,33.3
1539566700,32.88
1539567000,32.98
1539567300,34.69
1539567600,32.64
1539567900,32.79
1539568200,41.98
1539568500,38.84
1539568800,36.61
1539569100,35.55
1539569400,34.76
1539569700,34.04
1539570000,32.4
1539570300,34
1539570600,33
1539570900,37.6
1539571200,36.4
1539571500,35.1
1539571800,34.03
1539572100,33.85
1539572400,33.65
1539572700,32.43
1539573000,31.88
1539573300,32.55
1539573600,32.85
1539573900,31.99
1539574200,32.4
1539574500,31.81
1539574800,31.79
1539575100,31.67
1539575400,31.95
1539575700,32.11
1539576000,32.47
1539576300,32.08
1539576600,33.72
1539576900,37.69
1539577200,35.45
1539577500,33.67
1539577800,41.04
1539578100,44.75
1539578400,40.76
1539578700,38.84
1539579000,37.77
1539579300,36.66
1539579600,35.2
1539579900,33.79
1539580200,32.75
1539580500,32.32
1539580800,32.36
1539581100,32.5
1539581400,34.71
1539581700,32.47
1539582000,32.05
1539582300,32.72
1539582600,32.08
1539582900,32.1
1539583200,32.37
1539583500,32.06
1539583800,32.09
1539584100,32.09
1539584400,32.32
1539584700,32.26
1539585000,32.12
1539585300,32.1
1539585600,32.25
1539585900,33.17
1539586200,32.25
1539586500,32.05
1539586800,31.96
1539587100,31.97
1539587400,31.85
1539587700,32.15
1539588000,32.02
1539588300,32.21
1539588600,32.99
1539588900,32
1539589200,32.08
1539589500,31.98
1539589800,32.17
1539590100,32.39
1539590400,32.86
1539590700,32.58
1539591000,32.84
1539591300,32.75
1539591600,32.81
1539591900,32.74
1539592200,32.83
1539592500,33.23
1539592800,32.64
1539593100,33.01
1539593400,32.84
1539593700,32.68
1539594000,32.83
1539594300,32.75
1539594600,33.38
1539594900,44.43
1539595200,45.77
1539595500,45.68
1539595800,45.58
1539596100,45.41
1539596400,44.8
1539596700,44.18
1539597000,42.57
1539597300,40.76
1539597600,38.83
1539597900,36.62
1539598200,35.08
1539598500,37.93
1539598800,44.41
1539599100,47.5
1539599400,48.47
1539599700,47.89
1539600000,48.04
1539600300,48.31
1539600600,48.6
1539600900,48.3
1539601200,48.53
1539601500,48.4
1539601800,48.4
1539602100,47.95
1539602400,47.78
1539602700,48.1
1539603000,48.23
1539603300,48.28
1539603600,48.35
1539603900,48.18
1539604200,47.51
1539604500,48.24
1539604800,48.11
1539605100,47.89
1539605400,47.99
1539605700,48.12
1539606000,47.98
1539606300,47.78
1539606600,47.8
1539606900,48.06
1539607200,47.71
1539607500,48.18
1539607800,48.12
1539608100,47.88
1539608400,48.09
1539608700,48.03
1539609000,47.72
1539609300,48.2
1539609600,49.15
1539609900,48.12
1539610200,47.71
1539610500,48.26
1539610800,48.16
1539611100,48.33
1539611400,47.56
1539611700,47.58
1539612000,47.78
1539612300,47.52
1539612600,47.74
1539612900,47.89
1539613200,48.16
1539613500,47.81
1539613800,48.04
1539614100,48.09
1539614400,48.2
1539614700,47.82
1539615000,48.26
1539615300,48.39
1539615600,47.75
1539615900,48.05
1539616200,49.52
1539616500,48.97
1539616800,48.24
1539617100,48.4
1539617400,48.91
1539617700,49.2
1539618000,48.71
1539618300,49.38
1539618600,47.84
1539618900,48.05
1539619200,47.67
1539619500,48.81
1539619800,49.48
1539620100,48.72
1539620400,48.81
1539620700,48.74
1539621000,48.57
1539621300,48.75
1539621600,48.32
1539621900,49.21
1539622200,48.45
1539622500,48.04
1539622800,48.45
1539623100,48.04
1539623400,47.18
1539623700,47.87
1539624000,47.81
1539624300,48.11
1539624600,47.99
1539624900,47.91
1539625200,47.71
1539625500,49.49
1539625800,48.46
1539626100,47.82
1539626400,47.96
1539626700,48.27
1539627000,47.62
1539627300,47.04
1539627600,46.97
1539627900,47.48
1539628200,47.49
1539628500,47.8
1539628800,47.8
1539629100,47.01
1539629400,46.93
1539629700,47.5
1539630000,48.55
1539630300,47.83
1539630600,47.83
1539630900,47.86
1539631200,47.61
1539631500,47.38
1539631800,47.24
1539632100,47.28
1539632400,46.44
1539632700,46.89
1539633000,48.32
1539633300,47.91
1539633600,47.8
1539633900,47.48
1539634200,47.63
1539634500,48.4
1539634800,48.78
1539635100,48
1539635400,48.57
1539635700,48
1539636000,47.14
1539636300,50.5
1539636600,49.73
1539636900,47.82
1539637200,48.04
1539637500,47.1
1539637800,44.16
1539638100,43.89
1539638400,43.89
1539638700,48.35
1539639000,47.93
1539639300,49.56
1539639600,45.21
1539639900,43.74
1539640200,44.45
1539640500,50.62
1539640800,49.39
1539641100,44.09
1539641400,43.26
1539641700,43.88
1539642000,44.24
1539642300,43.74
1539642600,43.29
1539642900,44.46
1539643200,42.59
1539643500,42.6
1539643800,42.44
1539644100,42.61
1539644400,42.38
1539644700,41.62
1539645000,40.97
1539645300,40.53
1539645600,40.17
1539645900,39.83
1539646200,39.76
1539646500,41.14
1539646800,39.98
1539647100,39.11
1539647400,38.87
1539647700,38.61
1539648000,38.41
1539648300,38.02
1539648600,37.95
1539648900,37.94
1539649200,36.6
1539649500,40.62
1539649800,43.62
1539650100,45.13
1539650400,45.78
1539650700,46.31
1539651000,45.58
1539651300,44.96
1539651600,44.78
1539651900,44.56
1539652200,44.91
1539652500,44.46
1539652800,44.67
1539653100,43.9
1539653400,43.15
1539653700,43.37
1539654000,43.94
1539654300,42.71
1539654600,42.88
1539654900,42.1
1539655200,41.85
1539655500,41.96
1539655800,41.57
1539656100,41.75
1539656400,41.51
1539656700,41.56
1539657000,40.75
1539657300,40.05
1539657600,39.83
1539657900,39.6
1539658200,38.99
1539658500,38.31
1539658800,38.73
1539659100,37.11
1539659400,36.59
1539659700,36.24
1539660000,35.8
1539660300,35.52
1539660600,35.23
1539660900,34.8
1539661200,34.43
1539661500,35.8
1539661800,34.41
1539662100,34.16
1539662400,33.79
1539662700,33.84
1539663000,34.71
1539663300,36.02
1539663600,35.71
1539663900,35.36
1539664200,35.2
1539664500,34.81
1539664800,35.24
1539665100,35.07
1539665400,35.15
1539665700,34.76
1539666000,34.47
1539666300,34.26
1539666600,33.88
1539666900,34.96
1539667200,35.51
1539667500,33.7
1539667800,33.17
1539668100,35.98
1539668400,33.82
1539668700,32.92
1539669000,33.16
1539669300,32.88
1539669600,32.9
1539669900,32.98
1539670200,33.09
1539670500,33.01
1539670800,32.93
1539671100,34.19
1539671400,35.61
1539671700,32.9
1539672000,32.5
1539672300,32.94
1539672600,42.48
1539672900,40.83
1539673200,38.11
1539673500,36.34
1539673800,35.37
1539674100,34.24
1539674400,32.8
1539674700,32.53
1539675000,32.41
1539675300,32.23
1539675600,32.35
1539675900,32.97
1539676200,32.26
1539676500,32.3
1539676800,33.47
1539677100,32.36
1539677400,32.18
1539677700,32.19
1539678000,32.39
1539678300,32.2
1539678600,33.12
1539678900,32.19
1539679200,32.16
1539679500,32.24
1539679800,32.45
1539680100,32.2
1539680400,32.09
1539680700,32.12
1539681000,32.36
1539681300,32.92
1539681600,32.23
1539681900,32.16
1539682200,32.13
1539682500,32.2
1539682800,32.2
1539683100,32.24
1539683400,32.39
1539683700,32.46
1539684000,32.43
1539684300,32.48
1539684600,32.49
1539684900,32.36
1539685200,34.04
1539685500,33.1
1539685800,32.36
1539686100,36.74
1539686400,37.62
1539686700,37.89
1539687000,37.35
1539687300,36.57
1539687600,36.3
1539687900,35.95
1539688200,35.66
1539688500,35.65
1539688800,35
1539689100,34.72
1539689400,35.16
1539689700,34.19
1539690000,33.98
1539690300,33.94
1539690600,33.54
1539690900,33.12
1539691200,33.02
1539691500,32.22
1539691800,32.18
1539692100,32.83
1539692400,32.12
1539692700,32.08
1539693000,32.32
1539693300,32.14
1539693600,31.9
1539693900,32.16
1539694200,32.22
1539694500,32.15
1539694800,32.05
1539695100,32.37
1539695400,32.22
1539695700,32.18
1539696000,32.15
1539696300,33.16
1539696600,33
1539696900,32.88
1539697200,33.08
1539697500,32.56
1539697800,32.23
1539698100,32.06
1539698400,32.31
1539698700,32.19
1539699000,32.24
1539699300,34.59
1539699600,34.2
1539699900,32.07
1539700200,32.46
1539700500,39
1539700800,38.21
1539701100,36.79
1539701400,36.5
1539701700,36.31
1539702000,36.29
1539702300,36
1539702600,36.25
1539702900,36.2
1539703200,36.48
1539703500,36.45
1539703800,36.65
1539704100,40.52
1539704400,40.82
1539704700,40.74
1539705000,40.35
1539705300,39.67
1539705600,39.81
1539705900,39.42
1539706200,39.32
1539706500,39.65
1539706800,39.4
1539707100,39.18
1539707400,39.14
1539707700,38.6
1539708000,38.38
1539708300,38.05
1539708600,37.72
1539708900,37.3
1539709200,37.31
1539709500,36.92
1539709800,36.63
1539710100,36.54
1539710400,35.7
1539710700,35.29
1539711000,35.81
1539711300,35.12
1539711600,34.89
1539711900,34.96
1539712200,34.28
1539712500,34.09
1539712800,33.63
1539713100,33.29
1539713400,33.17
1539713700,33.26
1539714000,33.02
1539714300,32.73
1539714600,38.21
1539714900,41.44
1539715200,42.48
1539715500,42.81
1539715800,43.16
1539716100,42.8
1539716400,43.33
1539716700,42.66
1539717000,42.62
1539717300,43.07
1539717600,42.5
1539717900,42.68
1539718200,42.28
1539718500,42
1539718800,42.53
1539719100,43.01
1539719400,42.28
1539719700,42.06
1539720000,42.45
1539720300,41.93
1539720600,42.34
1539720900,41.9
1539721200,41.79
1539721500,42.07
1539721800,41.4
1539722100,41.87
1539722400,41.59
1539722700,41.96
1539723000,42.04
1539723300,41.69
1539723600,42.07
1539723900,42.43
1539724200,42.04
1539724500,42.86
1539724800,42.08
1539725100,42.28
1539725400,42.38
1539725700,42.15
1539726000,42.06
1539726300,42.17
1539726600,41.79
1539726900,41.58
1539727200,42.94
1539727500,42.37
1539727800,41.61
1539728100,42.12
1539728400,42.35
1539728700,41.64
1539729000,40.81
1539729300,40.95
1539729600,41.41
1539729900,41.6
1539730200,41.39
1539730500,41.41
1539730800,41.29
1539731100,41.73
1539731400,41.42
1539731700,41.71
1539732000,41.63
1539732300,41.47
1539732600,41.11
1539732900,41.06
1539733200,41.45
1539733500,41.09
1539733800,40.77
1539734100,40.25
1539734400,40.65
1539734700,39.83
1539735000,39.75
1539735300,39.84
1539735600,38.84
1539735900,39.06
1539736200,39.61
1539736500,38.68
1539736800,38.36
1539737100,38.22
1539737400,38.03
1539737700,37.77
1539738000,37.51
1539738300,37.69
1539738600,38.04
1539738900,37.28
1539739200,37.36
1539739500,37.01
1539739800,36.97
1539740100,36.28
1539740400,36.08
1539740700,36.12
1539741000,35.47
1539741300,34.85
1539741600,35.61
1539741900,34.53
1539742200,34.19
1539742500,33.85
1539742800,33.32
1539743100,33.53
1539743400,33.07
1539743700,33.17
1539744000,32.44
1539744300,32.87
1539744600,32.7
1539744900,32.35
1539745200,32.69
1539745500,33.42
1539745800,34.74
1539746100,32.3
1539746400,32.16
1539746700,32.23
1539747000,40.41
1539747300,40.81
1539747600,37.4
1539747900,36.01
1539748200,34.96
1539748500,33.84
1539748800,33.15
1539749100,31.92
1539749400,33.48
1539749700,34.9
1539750000,36.17
1539750300,34.18
1539750600,35.91
1539750900,33.59
1539751200,33.55
1539751500,33.71
1539751800,39.38
1539752100,45.54
1539752400,48.73
1539752700,48.46
1539753000,48.23
1539753300,48.18
1539753600,48.01
1539753900,48.01
1539754200,47.93
1539754500,48.31
1539754800,47.55
1539755100,47.34
1539755400,46.95
1539755700,46.62
1539756000,47.02
1539756300,48.39
1539756600,48.38
1539756900,48.75
1539757200,47.92
1539757500,47.78
1539757800,47.91
1539758100,48.33
1539758400,48.08
1539758700,47.94
1539759000,47.48
1539759300,47.69
1539759600,47.28
1539759900,47.23
1539760200,47.03
1539760500,47.05
1539760800,47.71
1539761100,48.28
1539761400,48.28
1539761700,48.27
1539762000,48.12
1539762300,47.96
1539762600,48.86
1539762900,48.47
1539763200,48.72
1539763500,47.77
1539763800,47.98
1539764100,48.54
1539764400,48.46
1539764700,48.29
1539765000,48.3
1539765300,48.31
1539765600,48.11
1539765900,48.5
1539766200,47.52
1539766500,47.45
1539766800,48.84
1539767100,48.58
1539767400,48.47
1539767700,49.11
1539768000,49.29
1539768300,48.69
1539768600,48.71
1539768900,48.4
1539769200,48.56
1539769500,48.69
1539769800,49.14
1539770100,48.48
1539770400,49.64
1539770700,48.07
1539771000,49.81
1539771300,47.48
1539771600,47.22
1539771900,44.87
1539772200,48.78
1539772500,44.52
1539772800,42.95
1539773100,40.76
1539773400,39.33
1539773700,38.88
1539774000,45.88
1539774300,38.84
1539774600,37.35
1539774900,36.26
1539775200,35.73
1539775500,35.67
1539775800,35.31
1539776100,37.22
1539776400,36.36
1539776700,36.48
1539777000,34.97
1539777300,34.09
1539777600,34.09
1539777900,34.36
1539778200,33.81
1539778500,33.47
1539778800,33.19
1539779100,33.2
1539779400,33.15
1539779700,33.12
1539780000,33
1539780300,33.43
1539780600,32.8
1539780900,32.54
1539781200,32.77
1539781500,32.66
1539781800,32.68
1539782100,33.62
1539782400,32.56
1539782700,33.25
1539783000,33.88
1539783300,33.22
1539783600,32.7
1539783900,32.94
1539784200,32.65
1539784500,32.52
1539784800,32.37
1539785100,32.47
1539785400,32.45
1539785700,32.59
1539786000,32.69
1539786300,32.49
1539786600,32.34
1539786900,32.41
1539787200,32.54
1539787500,32.54
1539787800,32.64
1539788100,32.45
1539788400,32.7
1539788700,32.54
1539789000,35.31
1539789300,32.78
1539789600,32.57
1539789900,32.59
1539790200,37.78
1539790500,38.71
1539790800,48.61
1539791100,45.82
1539791400,44.21
1539791700,43.17
1539792000,43.54
1539792300,42.35
1539792600,42.44
1539792900,41.94
1539793200,41.8
1539793500,41.46
1539793800,42.19
1539794100,45.95
1539794400,45.99
1539794700,44.79
1539795000,42.69
1539795300,41.37
1539795600,40.51
1539795900,39.2
1539796200,38.91
1539796500,38.11
1539796800,37.44
1539797100,38.05
1539797400,38.58
1539797700,38
1539798000,37.86
1539798300,37.7
1539798600,38.44
1539798900,38.29
1539799200,38.98
1539799500,38.22
1539799800,38.25
1539800100,37.89
1539800400,39.58
1539800700,44.26
1539801000,46.88
1539801300,47.93
1539801600,48.39
1539801900,48.98
1539802200,48.53
1539802500,48.21
1539802800,48.46
1539803100,48.62
1539803400,48.87
1539803700,48.95
1539804000,48.44
1539804300,47.56
1539804600,48.23
1539804900,47.17
1539805200,47.25
1539805500,48.12
1539805800,48.4
1539806100,48.49
1539806400,48.81
1539806700,48.79
1539807000,49.09
1539807300,48.73
1539807600,49
1539807900,48.45
1539808200,48.77
1539808500,48.46
1539808800,48.69
1539809100,48.69
1539809400,48.19
1539809700,48.49
1539810000,47.92
1539810300,48.44
1539810600,48.43
1539810900,47.61
1539811200,47.8
1539811500,48.01
1539811800,48.33
1539812100,48.11
1539812400,48.34
1539812700,48.56
1539813000,48.24
1539813300,48.13
1539813600,48.72
1539813900,48.31
1539814200,48.82
1539814500,49.34
1539814800,49.19
1539815100,48.52
1539815400,48.42
1539815700,48.63
1539816000,48.31
1539816300,49.53
1539816600,48.79
1539816900,49.24
1539817200,49.02
1539817500,48.24
1539817800,47.92
1539818100,48.01
1539818400,48.6
1539818700,48.09
1539819000,48.7
1539819300,48.58
1539819600,48.76
1539819900,48.66
1539820200,48.54
1539820500,48.12
1539820800,47.5
1539821100,48.54
1539821400,48.28
1539821700,48.17
1539822000,48.99
1539822300,49.01
1539822600,48.56
1539822900,48.42
1539823200,48.48
1539823500,49.08
1539823800,48.66
1539824100,48.59
1539824400,48.56
1539824700,48.34
1539825000,48.67
1539825300,48.92
1539825600,48.85
1539825900,48.02
1539826200,47.87
1539826500,48
1539826800,48.15
1539827100,48.41
1539827400,48.51
1539827700,47.64
1539828000,47.93
1539828300,48.52
1539828600,48.82
1539828900,48.25
1539829200,48.94
1539829500,48.44
1539829800,48.91
1539830100,47.85
1539830400,47.96
1539830700,47.83
1539831000,47.84
1539831300,48
1539831600,47.83
1539831900,47.44
1539832200,47.39
1539832500,47.12
1539832800,47.43
1539833100,46.96
1539833400,47.58
1539833700,47.35
1539834000,47.25
1539834300,47.78
1539834600,47.4
1539834900,47.38
1539835200,47.39
1539835500,47.48
1539835800,48.35
1539836100,48.44
1539836400,48.53
1539836700,47.75
1539837000,48.27
1539837300,47.83
1539837600,48.25
1539837900,48.23
1539838200,48.99
1539838500,48.9
1539838800,48.58
1539839100,48.32
1539839400,48.17
1539839700,49.76
1539840000,48.81
1539840300,48.64
1539840600,49.03
1539840900,49.02
1539841200,49.21
1539841500,48.71
1539841800,48.87
1539842100,49.16
1539842400,48.77
1539842700,48.5
1539843000,48.52
1539843300,48.23
1539843600,48.56
1539843900,48.83
1539844200,48.68
1539844500,48.27
1539844800,48.1
1539845100,48.33
1539845400,48.21
1539845700,48.23
1539846000,49.1
1539846300,48.46
1539846600,48.87
1539846900,48.8
1539847200,48.72
1539847500,48.64
1539847800,48.75
1539848100,48.36
1539848400,48.19
1539848700,48.28
1539849000,48.14
1539849300,48.59
1539849600,48.32
1539849900,48.69
1539850200,48.98
1539850500,49.14
1539850800,48.73
1539851100,48.59
1539851400,49.13
1539851700,48.39
1539852000,47.83
1539852300,48.37
1539852600,47.72
1539852900,48.2
1539853200,48.6
1539853500,48.33
1539853800,48.48
1539854100,49.02
1539854400,49.05
1539854700,48.29
1539855000,48.24
1539855300,48.32
1539855600,47.52
1539855900,48.22
1539856200,48.16
1539856500,48.93
1539856800,49.01
1539857100,48.31
1539857400,47.94
1539857700,48.51
1539858000,48.36
1539858300,48.06
1539858600,48.24
1539858900,47.9
1539859200,48.4
1539859500,48.37
1539859800,47.82
1539860100,48.5
1539860400,49.68
1539860700,48.99
1539861000,48.92
1539861300,49.35
1539861600,49.07
1539861900,48.74
1539862200,49.03
1539862500,48.69
1539862800,48.69
1539863100,48.57
1539863400,49.18
1539863700,48.79
1539864000,49.1
1539864300,48.96
1539864600,48.91
1539864900,49.57
1539865200,49.51
1539865500,49.57
1539865800,49.39
1539866100,49.32
1539866400,49.33
1539866700,49.45
1539867000,48.9
1539867300,48.08
1539867600,46.73
1539867900,44.99
1539868200,43.75
1539868500,42.14
1539868800,41.37
1539869100,41.8
1539869400,44.17
1539869700,41.28
1539870000,43.7
1539870300,40.95
1539870600,39.35
1539870900,38.59
1539871200,38.72
1539871500,38.56
1539871800,41.77
1539872100,40.67
1539872400,39.74
1539872700,38.36
1539873000,40.28
1539873300,38.69
1539873600,37.9
1539873900,37.78
1539874200,37.7
1539874500,37.49
1539874800,37.7
1539875100,37.37
1539875400,37.22
1539875700,37.2
1539876000,37.02
1539876300,39.03
1539876600,39.62
1539876900,37.02
1539877200,36.45
1539877500,36.19
1539877800,47.82
1539878100,50.86
1539878400,46.9
1539878700,42.85
1539879000,41.26
1539879300,39.02
1539879600,36.41
1539879900,37.16
1539880200,35.7
1539880500,35.43
1539880800,35.35
1539881100,35.49
1539881400,35.33
1539881700,35.14
1539882000,35.15
1539882300,34.78
1539882600,34.66
1539882900,34.6
1539883200,34.67
1539883500,34.67
1539883800,34.95
1539884100,34.32
1539884400,34.38
1539884700,35.74
1539885000,35.61
1539885300,34.7
1539885600,34.75
1539885900,38.42
1539886200,39.32
1539886500,39.21
1539886800,38.83
1539887100,37.97
1539887400,37.71
1539887700,37.15
1539888000,36.9
1539888300,36.4
1539888600,36.38
1539888900,35.93
1539889200,37.92
1539889500,35.16
1539889800,34.56
1539890100,34.9
1539890400,33.87
1539890700,33.46
1539891000,32.88
1539891300,32.59
1539891600,32.27
1539891900,32.28
1539892200,32.59
1539892500,32.44
1539892800,32.51
1539893100,36.22
1539893400,32.77
1539893700,32.18
1539894000,32.52
1539894300,35.44
1539894600,35.24
1539894900,32.47
1539895200,31.9
1539895500,32.19
1539895800,32.17
1539896100,36.1
1539896400,36.95
1539896700,36.67
1539897000,36.57
1539897300,36.73
1539897600,36.35
1539897900,36.36
1539898200,36.4
1539898500,36.44
1539898800,36.3
1539899100,36.19
1539899400,36.25
1539899700,35.91
1539900000,35.73
1539900300,35.69
1539900600,35.28
1539900900,35.43
1539901200,35.46
1539901500,39.01
1539901800,39.58
1539902100,39.34
1539902400,42.31
1539902700,45.34
1539903000,46.97
1539903300,46.65
1539903600,46.19
1539903900,45.79
1539904200,45.42
1539904500,45.23
1539904800,44.61
1539905100,43.68
1539905400,43.34
1539905700,42.5
1539906000,41.9
1539906300,41.32
1539906600,40.74
1539906900,39.82
1539907200,39.32
1539907500,38.24
1539907800,37.6
1539908100,37.4
1539908400,36.32
1539908700,35.85
1539909000,36.81
1539909300,35.62
1539909600,34.85
1539909900,34.69
1539910200,34.71
1539910500,34.4
1539910800,34.41
1539911100,34.13
1539911400,35.12
1539911700,39.12
1539912000,40.58
1539912300,41.59
1539912600,42.39
1539912900,41.52
1539913200,41.89
1539913500,41.78
1539913800,41.8
1539914100,41.36
1539914400,41.63
1539914700,41.92
1539915000,41.27
1539915300,40.4
1539915600,39.46
1539915900,39.5
1539916200,40.78
1539916500,40.67
1539916800,40.37
1539917100,42.4
1539917400,42.57
1539917700,42.11
1539918000,43.26
1539918300,42.66
1539918600,41.68
1539918900,42.42
1539919200,43.44
1539919500,43.43
1539919800,42.69
1539920100,42.15
1539920400,41.89
1539920700,42.03
1539921000,40.44
1539921300,39.09
1539921600,38.39
1539921900,37.51
1539922200,38.87
1539922500,38.35
1539922800,37.82
1539923100,37.6
1539923400,36.83
1539923700,36.19
1539924000,36.23
1539924300,38.12
1539924600,38.07
1539924900,37.8
1539925200,37.05
1539925500,36.7
1539925800,36.39
1539926100,36.76
1539926400,35.96
1539926700,36.08
1539927000,36.86
1539927300,35.49
1539927600,35.07
1539927900,35.29
1539928200,34.82
1539928500,34.68
1539928800,34.65
1539929100,34.65
1539929400,34.52
1539929700,35
1539930000,35.11
1539930300,35.2
1539930600,35.44
1539930900,35.69
1539931200,35.69
1539931500,35.73
1539931800,35.73
1539932100,35.53
1539932400,36.89
1539932700,35.5
1539933000,35.19
1539933300,35.45
1539933600,34.77
1539933900,34.42
1539934200,34.62
1539934500,33.79
1539934800,33.62
1539935100,34.35
1539935400,33.45
1539935700,35.35
1539936000,33.88
1539936300,33.39
1539936600,33.32
1539936900,44.28
1539937200,47.66
1539937500,48.15
1539937800,49.15
1539938100,47.74
1539938400,48.07
1539938700,46.5
1539939000,45.89
1539939300,43.34
1539939600,41.31
1539939900,39.39
1539940200,38.61
1539940500,38.14
1539940800,38.15
1539941100,37.4
1539941400,36.68
1539941700,38.4
1539942000,44.86
1539942300,47.76
1539942600,48.14
1539942900,48.15
1539943200,48.31
1539943500,48.24
1539943800,48.43
1539944100,48.33
1539944400,48.13
1539944700,48.21
1539945000,48.15
1539945300,47.99
1539945600,48.26
1539945900,47.39
1539946200,47.66
1539946500,47.79
1539946800,48.37
1539947100,47.92
1539947400,48.06
1539947700,47.76
1539948000,47.93
1539948300,48.14
1539948600,47.67
1539948900,48.03
1539949200,47.84
1539949500,48.1
1539949800,48.15
1539950100,48.28
1539950400,48.31
1539950700,48.31
1539951000,48.21
1539951300,48.18
1539951600,47.85
1539951900,47.93
1539952200,47.97
1539952500,47.86
1539952800,47.84
1539953100,47.72
1539953400,47.52
1539953700,47.77
1539954000,47.51
1539954300,47.33
1539954600,47.3
1539954900,47.29
1539955200,47.32
1539955500,48.36
1539955800,48.34
1539956100,48.49
1539956400,48.62
1539956700,48.64
1539957000,48.37
1539957300,47.88
1539957600,48.11
1539957900,48.21
1539958200,48.17
1539958500,48.31
1539958800,48.17
1539959100,48.12
1539959400,47.98
1539959700,48
1539960000,47.2
1539960300,47.69
1539960600,47.47
1539960900,48.1
1539961200,48.12
1539961500,47.85
1539961800,48.52
1539962100,49.01
1539962400,48.55
1539962700,48.44
1539963000,48.4
1539963300,48.27
1539963600,48.06
1539963900,48.63
1539964200,48.16
1539964500,48.53
1539964800,48.75
1539965100,48.51
1539965400,48.14
1539965700,49.14
1539966000,49.06
1539966300,48.78
1539966600,48.18
1539966900,48.1
1539967200,48.31
1539967500,48.8
1539967800,48.3
1539968100,47.9
1539968400,47.99
1539968700,48.83
1539969000,48.72
1539969300,48.78
1539969600,48.75
1539969900,48.7
1539970200,48.92
1539970500,48.56
1539970800,48.52
1539971100,48.72
1539971400,49.08
1539971700,48.67
1539972000,48.7
1539972300,48.32
1539972600,48.22
1539972900,48.43
1539973200,48.69
1539973500,49.38
1539973800,48.93
1539974100,49.11
1539974400,48.81
1539974700,49.19
1539975000,49.07
1539975300,48.83
1539975600,49.22
1539975900,48.39
1539976200,48.47
1539976500,48.33
1539976800,48.2
1539977100,48.37
1539977400,48.56
1539977700,48.61
1539978000,48.07
1539978300,48.54
1539978600,47.92
1539978900,48.26
1539979200,48.26
1539979500,47.67
1539979800,48.62
1539980100,48.65
1539980400,49.15
1539980700,49.67
1539981000,49.14
1539981300,49.16
1539981600,49.38
1539981900,49.39
1539982200,49.39
1539982500,50.4
1539982800,50.18
1539983100,49.32
1539983400,49.49
1539983700,49.72
1539984000,49.49
1539984300,49
1539984600,49.34
1539984900,48.75
1539985200,49.18
1539985500,49
1539985800,49.1
1539986100,48.95
1539986400,49.09
1539986700,49.32
1539987000,49.45
1539987300,49.23
1539987600,48.68
1539987900,50.12
1539988200,49.89
1539988500,49.32
1539988800,49.81
1539989100,49.85
1539989400,49.4
1539989700,49.2
1539990000,49.32
1539990300,49.04
1539990600,49.15
1539990900,49.24
1539991200,49.36
1539991500,49.23
1539991800,48.93
1539992100,48.69
1539992400,48.56
1539992700,47.76
1539993000,47.71
1539993300,46.47
1539993600,46.99
1539993900,48.3
1539994200,48.47
1539994500,48.61
1539994800,50.19
1539995100,49.9
1539995400,48.65
1539995700,47.93
1539996000,47.96
1539996300,48.14
1539996600,48.03
1539996900,47.81
1539997200,47.93
1539997500,47.44
1539997800,47.44
1539998100,50.07
1539998400,48.1
1539998700,46.81
1539999000,47.15
1539999300,46.41
1539999600,46.51
1539999900,46.55
1540000200,48.19
1540000500,46.82
1540000800,46.98
1540001100,47.16
1540001400,47.55
1540001700,47.65
1540002000,46.67
1540002300,46.5
1540002600,47.14
1540002900,47.37
1540003200,46.87
1540003500,47.56
1540003800,47.72
1540004100,47.75
1540004400,48.01
1540004700,47.46
1540005000,47.86
1540005300,46.66
1540005600,49.38
1540005900,49.31
1540006200,48.96
1540006500,48.52
1540006800,47.85
1540007100,48.26
1540007400,47.41
1540007700,46.59
1540008000,47.3
1540008300,46.28
1540008600,49.87
1540008900,49.2
1540009200,47.73
1540009500,47.05
1540009800,46.3
1540010100,46.04
1540010400,45.94
1540010700,45.03
1540011000,44.84
1540011300,43.74
1540011600,43.75
1540011900,43.66
1540012200,43.5
1540012500,43.3
1540012800,42.66
1540013100,42.22
1540013400,42.29
1540013700,41.88
1540014000,42.42
1540014300,42.51
1540014600,42.34
1540014900,43
1540015200,42.08
1540015500,42.62
1540015800,42.31
1540016100,42.57
1540016400,42.16
1540016700,42.53
1540017000,42.51
1540017300,42.24
1540017600,42.43
1540017900,42.28
1540018200,41.45
1540018500,41.74
1540018800,46.75
1540019100,47.52
1540019400,46.11
1540019700,44.62
1540020000,43.28
1540020300,47.15
1540020600,47.48
1540020900,47.85
1540021200,47.34
1540021500,46.86
1540021800,46.27
1540022100,45.3
1540022400,45.16
1540022700,43.38
1540023000,42.69
1540023300,43.18
1540023600,42.55
1540023900,42.32
1540024200,41.96
1540024500,41.45
1540024800,41.18
1540025100,40.72
1540025400,41.42
1540025700,41.27
1540026000,41.65
1540026300,40.83
1540026600,41.29
1540026900,41.24
1540027200,41.23
1540027500,41.1
1540027800,41.84
1540028100,40.91
1540028400,41.38
1540028700,42.33
1540029000,41.98
1540029300,41.72
1540029600,42.78
1540029900,42.36
1540030200,41.81
1540030500,41.35
1540030800,41.58
1540031100,40.93
1540031400,40.15
1540031700,40.72
1540032000,39.47
1540032300,39.2
1540032600,38.88
1540032900,38.85
1540033200,38.32
1540033500,37.87
1540033800,36.76
1540034100,36.58
1540034400,37.27
1540034700,36.86
1540035000,36.54
1540035300,35.9
1540035600,38.43
1540035900,44.82
1540036200,47.35
1540036500,48.13
1540036800,48.4
1540037100,48.41
1540037400,48.18
1540037700,48.12
1540038000,47.93
1540038300,47.79
1540038600,47.42
1540038900,46.98
1540039200,47.43
1540039500,48.05
1540039800,47.67
1540040100,47.36
1540040400,47.69
1540040700,47.59
1540041000,47.92
1540041300,47.59
1540041600,47.09
1540041900,47.85
1540042200,47.62
1540042500,47.9
1540042800,47.01
1540043100,47.07
1540043400,47.61
1540043700,47.95
1540044000,48.11
1540044300,48
1540044600,48.18
1540044900,48.11
1540045200,47.41
1540045500,47.23
1540045800,47.41
1540046100,47.92
1540046400,47.43
1540046700,47.38
1540047000,47.18
1540047300,47.28
1540047600,47.71
1540047900,47.68
1540048200,47.88
1540048500,47.4
1540048800,46.96
1540049100,46.59
1540049400,46.6
1540049700,45.25
1540050000,44.68
1540050300,45.42
1540050600,44.41
1540050900,44.19
1540051200,43.81
1540051500,47.66
1540051800,45.93
1540052100,44.7
1540052400,46.9
1540052700,42.75
1540053000,41.92
1540053300,41.08
1540053600,44.05
1540053900,43.63
1540054200,48.69
1540054500,46.7
1540054800,46.25
1540055100,44.05
1540055400,41.02
1540055700,40.8
1540056000,40.28
1540056300,37.11
1540056600,35.35
1540056900,34.68
1540057200,33.73
1540057500,34.6
1540057800,42.63
1540058100,40.14
1540058400,37.77
1540058700,40.06
1540059000,37.29
1540059300,36.52
1540059600,34.24
1540059900,33.25
1540060200,32.2
1540060500,32.17
1540060800,32.09
1540061100,32.63
1540061400,32.08
1540061700,32.29
1540062000,33.13
1540062300,32.28
1540062600,34.69
1540062900,33.29
1540063200,32.5
1540063500,32.4
1540063800,42.49
1540064100,41.28
1540064400,37.72
1540064700,36.12
1540065000,35.41
1540065300,36.77
1540065600,36.35
1540065900,41.92
1540066200,37.42
1540066500,35.76
1540066800,34.71
1540067100,34.59
1540067400,32.58
1540067700,32.11
1540068000,31.97
1540068300,32.07
1540068600,32.07
1540068900,32.13
1540069200,33.04
1540069500,32.42
1540069800,32.04
1540070100,32.98
1540070400,32.18
1540070700,31.93
1540071000,34.43
1540071300,36.09
1540071600,32.45
1540071900,32.72
1540072200,32.01
1540072500,32.05
1540072800,33.09
1540073100,31.96
1540073400,31.7
1540073700,31.75
1540074000,31.74
1540074300,31.65
1540074600,34.31
1540074900,32.72
1540075200,31.65
1540075500,31.77
1540075800,31.8
1540076100,31.59
1540076400,32.24
1540076700,31.77
1540077000,31.62
1540077300,31.46
1540077600,31.61
1540077900,31.72
1540078200,32.31
1540078500,31.31
1540078800,31.51
1540079100,31.41
1540079400,31.62
1540079700,31.38
1540080000,31.62
1540080300,31.71
1540080600,31.61
1540080900,31.8
1540081200,31.83
1540081500,31.78
1540081800,32.23
1540082100,32.52
1540082400,33.57
1540082700,34.85
1540083000,33.68
1540083300,33.68
1540083600,34.66
1540083900,33.57
1540084200,33.41
1540084500,33.24
1540084800,33.26
1540085100,33.49
1540085400,32.54
1540085700,32.29
1540086000,31.84
1540086300,31.75
1540086600,32.22
1540086900,32.69
1540087200,32.58
1540087500,31.65
1540087800,31.56
1540088100,31.66
1540088400,31.61
1540088700,31.82
1540089000,31.68
1540089300,31.53
1540089600,31.74
1540089900,31.58
1540090200,31.79
1540090500,31.51
1540090800,31.38
1540091100,31.33
1540091400,31.67
1540091700,31.26
1540092000,31.59
1540092300,31.31
1540092600,31.4
1540092900,31.22
1540093200,31.3
1540093500,31.25
1540093800,31.44
1540094100,31.49
1540094400,32.77
1540094700,31.46
1540095000,33.16
1540095300,33.29
1540095600,33.44
1540095900,33.52
1540096200,33.28
1540096500,32.83
1540096800,32.71
1540097100,33.67
1540097400,33.49
1540097700,33.11
1540098000,32.76
1540098300,32.43
1540098600,32.28
1540098900,32.28
1540099200,31.77
1540099500,31.84
1540099800,33.58
1540100100,32.58
1540100400,31.9
1540100700,31.79
1540101000,31.92
1540101300,31.75
1540101600,31.74
1540101900,31.64
1540102200,31.78
1540102500,32.95
1540102800,31.87
1540103100,31.84
1540103400,31.92
1540103700,31.65
1540104000,31.79
1540104300,31.71
1540104600,31.68
1540104900,31.79
1540105200,31.68
1540105500,31.73
1540105800,31.74
1540106100,31.7
1540106400,31.74
1540106700,31.87
1540107000,32.58
1540107300,31.65
1540107600,31.69
1540107900,32.5
1540108200,31.83
1540108500,31.89
1540108800,43.25
1540109100,44.41
1540109400,43.62
1540109700,42.96
1540110000,42.34
1540110300,41.84
1540110600,39.71
1540110900,37.61
1540111200,35.09
1540111500,33.71
1540111800,32.81
1540112100,32.63
1540112400,32.24
1540112700,32.38
1540113000,32.06
1540113300,33.3
1540113600,31.91
1540113900,33.75
1540114200,32.05
1540114500,32.15
1540114800,32.52
1540115100,32.89
1540115400,33.26
1540115700,31.82
1540116000,32.1
1540116300,32.22
1540116600,32.55
1540116900,31.91
1540117200,31.84
1540117500,31.97
1540117800,32.05
1540118100,31.89
1540118400,31.76
1540118700,31.99
1540119000,31.79
1540119300,31.82
1540119600,31.73
1540119900,31.88
1540120200,31.78
1540120500,31.95
1540120800,31.87
1540121100,31.88
1540121400,31.79
1540121700,31.98
1540122000,31.78
1540122300,31.7
1540122600,31.69
1540122900,31.6
1540123200,32.82
1540123500,31.7
1540123800,31.84
1540124100,33.05
1540124400,31.99
1540124700,31.75
1540125000,32.62
1540125300,32
1540125600,31.85
1540125900,32.03
1540126200,31.97
1540126500,31.84
1540126800,31.7
1540127100,31.64
1540127400,31.64
1540127700,32.37
1540128000,31.67
1540128300,32.44
1540128600,33.95
1540128900,32.9
1540129200,32.61
1540129500,32.78
1540129800,32.7
1540130100,32.48
1540130400,32.37
1540130700,31.81
1540131000,31.71
1540131300,31.84
1540131600,31.77
1540131900,31.67
1540132200,31.9
1540132500,31.86
1540132800,31.85
1540133100,31.78
1540133400,32.08
1540133700,31.83
1540134000,31.76
1540134300,31.82
1540134600,31.78
1540134900,31.79
1540135200,32.02
1540135500,31.72
1540135800,32.42
1540136100,31.93
1540136400,31.83
1540136700,33.04
1540137000,32.04
1540137300,31.77
1540137600,32.87
1540137900,31.94
1540138200,31.77
1540138500,31.77
1540138800,31.83
1540139100,31.73
1540139400,33.07
1540139700,31.89
1540140000,31.82
1540140300,31.52
1540140600,31.52
1540140900,31.45
1540141200,31.85
1540141500,31.47
1540141800,31.59
1540142100,32.06
1540142400,31.61
1540142700,31.47
1540143000,32.48
1540143300,31.66
1540143600,31.52
1540143900,31.6
1540144200,31.46
1540144500,32.54
1540144800,32.43
1540145100,32.57
1540145400,32.37
1540145700,32.3
1540146000,32.37
1540146300,32.38
1540146600,32.45
1540146900,32.43
1540147200,32.38
1540147500,32.38
1540147800,32.28
1540148100,32.37
1540148400,32.35
1540148700,32.3
1540149000,32.41
1540149300,32.63
1540149600,32.5
1540149900,32.59
1540150200,32.51
1540150500,32.26
1540150800,36.61
1540151100,44.12
1540151400,42.98
1540151700,45.21
1540152000,44.36
1540152300,39.32
1540152600,35.6
1540152900,34.38
1540153200,33.11
1540153500,32.61
1540153800,39.86
1540154100,45.02
1540154400,44.84
1540154700,45.72
1540155000,48.25
1540155300,42.24
1540155600,43.01
1540155900,39.51
1540156200,37.38
1540156500,39.84
1540156800,41.36
1540157100,41.45
1540157400,40.83
1540157700,41.52
1540158000,45.73
1540158300,41.28
1540158600,41.25
1540158900,38.9
1540159200,37.74
1540159500,36.15
1540159800,36.29
1540160100,35.84
1540160400,35
1540160700,35.17
1540161000,34.02
1540161300,33.14
1540161600,32.93
1540161900,32.6
1540162200,32.25
1540162500,32.12
1540162800,32.23
1540163100,32.14
1540163400,34.55
1540163700,33.04
1540164000,32.07
1540164300,38.95
1540164600,36.98
1540164900,34.09
1540165200,32.61
1540165500,32.29
1540165800,32.14
1540166100,32.01
1540166400,31.9
1540166700,32.04
1540167000,31.78
1540167300,31.85
1540167600,32.11
1540167900,31.86
1540168200,32.08
1540168500,40.96
1540168800,47.02
1540169100,48.49
1540169400,47.96
1540169700,47
1540170000,47.35
1540170300,47.42
1540170600,47.88
1540170900,47.85
1540171200,47.1
1540171500,46.77
1540171800,46.96
1540172100,47.03
1540172400,47.05
1540172700,47.58
1540173000,47.03
1540173300,47.35
1540173600,47.43
1540173900,47.87
1540174200,47.38
1540174500,47.58
1540174800,47.6
1540175100,47.78
1540175400,47.63
1540175700,47.28
1540176000,47.62
1540176300,47.7
1540176600,47.05
1540176900,47.07
1540177200,47.2
1540177500,47.56
1540177800,47.27
1540178100,46.98
1540178400,46.96
1540178700,47.8
1540179000,47.11
1540179300,47.02
1540179600,47.19
1540179900,47.54
1540180200,47.1
1540180500,47.11
1540180800,47.38
1540181100,46.93
1540181400,47.45
1540181700,48.02
1540182000,48.15
1540182300,47.91
1540182600,47.69
1540182900,47.59
1540183200,47.48
1540183500,47.43
1540183800,47.1
1540184100,47.41
1540184400,47.35
1540184700,47.37
1540185000,47.45
1540185300,47.93
1540185600,47.57
1540185900,47.62
1540186200,47.66
1540186500,46.69
1540186800,47.25
1540187100,47.35
1540187400,47.24
1540187700,46.89
1540188000,46.39
1540188300,45.77
1540188600,45.68
1540188900,45.43
1540189200,45.02
1540189500,43.68
1540189800,43.5
1540190100,42.7
1540190400,42
1540190700,40.93
1540191000,43.83
1540191300,40.69
1540191600,44
1540191900,41.21
1540192200,42.01
1540192500,47.44
1540192800,41.37
1540193100,47.55
1540193400,43.54
1540193700,40.62
1540194000,37.49
1540194300,36.65
1540194600,35.98
1540194900,35.51
1540195200,35
1540195500,34.72
1540195800,34.38
1540196100,35.18
1540196400,34.15
1540196700,33.53
1540197000,33.33
1540197300,33.57
1540197600,33.32
1540197900,33.14
1540198200,32.88
1540198500,32.86
1540198800,32.72
1540199100,35.24
1540199400,33.11
1540199700,32.51
1540200000,32.57
1540200300,32.59
1540200600,35.08
1540200900,34.08
1540201200,32.64
1540201500,33.68
1540201800,44.08
1540202100,47.6
1540202400,48.36
1540202700,48.37
1540203000,48.94
1540203300,49.39
1540203600,48.69
1540203900,49.06
1540204200,49.09
1540204500,48.94
1540204800,49.12
1540205100,49.18
1540205400,49.05
1540205700,48.68
1540206000,49.04
1540206300,48.86
1540206600,49.04
1540206900,48.99
1540207200,49.1
1540207500,48.99
1540207800,48.63
1540208100,49.07
1540208400,48.88
1540208700,49.05
1540209000,49.29
1540209300,48.98
1540209600,49.19
1540209900,48.86
1540210200,48.69
1540210500,49.1
1540210800,48.93
1540211100,48.87
1540211400,48.65
1540211700,48.85
1540212000,49.14
1540212300,48.96
1540212600,48.59
1540212900,48.94
1540213200,48.97
1540213500,48.86
1540213800,49.11
1540214100,48.9
1540214400,49.02
1540214700,49.63
1540215000,49.53
1540215300,49.71
1540215600,48.88
1540215900,48.8
1540216200,49.16
1540216500,48.98
1540216800,49.44
1540217100,49.36
1540217400,48.39
1540217700,48.8
1540218000,48.47
1540218300,48.74
1540218600,48.9
1540218900,49.02
1540219200,49.09
1540219500,49.76
1540219800,49.36
1540220100,49.1
1540220400,48.51
1540220700,48.05
1540221000,47.86
1540221300,48.51
1540221600,48.45
1540221900,48.91
1540222200,48.77
1540222500,48.79
1540222800,48.44
1540223100,49.11
1540223400,48.56
1540223700,48.89
1540224000,49.33
1540224300,49.32
1540224600,49.08
1540224900,48.81
1540225200,48.96
1540225500,48.97
1540225800,48.7
1540226100,48.76
1540226400,48.96
1540226700,49.14
1540227000,47.84
1540227300,47.63
1540227600,47.23
1540227900,47.77
1540228200,47.57
1540228500,48.06
1540228800,47.97
1540229100,47.54
1540229400,47.65
1540229700,47.98
1540230000,47.87
1540230300,48.88
1540230600,48.39
1540230900,48.69
1540231200,49.12
1540231500,48.78
1540231800,48.28
1540232100,48.06
1540232400,48.83
1540232700,48.47
1540233000,48.78
1540233300,48.38
1540233600,48.74
1540233900,48.41
1540234200,48.06
1540234500,47.42
1540234800,47.97
1540235100,49.04
1540235400,48.45
1540235700,48.18
1540236000,48
1540236300,47.67
1540236600,48.26
1540236900,48.08
1540237200,48.12
1540237500,48.02
1540237800,48.36
1540238100,47.95
1540238400,47.61
1540238700,48.27
1540239000,47.99
1540239300,48.14
1540239600,48.83
1540239900,49.11
1540240200,49.19
1540240500,48.01
1540240800,47.93
1540241100,48.53
1540241400,48.77
1540241700,49.22
1540242000,49.49
1540242300,48.54
1540242600,48.46
1540242900,48.06
1540243200,48.69
1540243500,48.54
1540243800,49.02
1540244100,48.93
1540244400,48.6
1540244700,48.52
1540245000,48.28
1540245300,48.61
1540245600,48.9
1540245900,48.22
1540246200,48.4
1540246500,47.89
1540246800,48.38
1540247100,48.59
1540247400,49
1540247700,48.54
1540248000,48.29
1540248300,47.83
1540248600,48.11
1540248900,48.39
1540249200,48.02
1540249500,48.33
1540249800,48.44
1540250100,48.03
1540250400,48.25
1540250700,48.05
1540251000,48.82
1540251300,48.08
1540251600,48.31
1540251900,48.38
1540252200,48.5
1540252500,49.12
1540252800,48.75
1540253100,47.97
1540253400,48.3
1540253700,49.24
1540254000,49.18
1540254300,48.66
1540254600,49.27
1540254900,48.99
1540255200,48.86
1540255500,48.9
1540255800,47.8
1540256100,48.06
1540256400,50.28
1540256700,49.42
1540257000,49.06
1540257300,48.54
1540257600,48.84
1540257900,48.76
1540258200,48.9
1540258500,50.51
1540258800,49.04
1540259100,49.83
1540259400,49.62
1540259700,49.52
1540260000,48.9
1540260300,47.89
1540260600,46.97
1540260900,49.89
1540261200,46.69
1540261500,44.49
1540261800,44.35
1540262100,43.85
1540262400,43.23
1540262700,42.89
1540263000,42.7
1540263300,42.67
1540263600,42.46
1540263900,47.44
1540264200,43.53
1540264500,42.45
1540264800,41.29
1540265100,41.67
1540265400,40.92
1540265700,40.29
1540266000,40.33
1540266300,40.11
1540266600,40
1540266900,39.79
1540267200,39.56
1540267500,39.24
1540267800,39.59
1540268100,40.56
1540268400,42.19
1540268700,40.97
1540269000,41.02
1540269300,40.96
1540269600,40.55
1540269900,40.64
1540270200,40.8
1540270500,40.36
1540270800,40.31
1540271100,39.9
1540271400,40.93
1540271700,39.49
1540272000,38.54
1540272300,38.69
1540272600,47.64
1540272900,44.36
1540273200,41.05
1540273500,40.31
1540273800,39.95
1540274100,38.58
1540274400,37.91
1540274700,37.75
1540275000,37.56
1540275300,37.52
1540275600,37.74
1540275900,37.74
1540276200,37.2
1540276500,37.4
1540276800,38.95
1540277100,39.79
1540277400,37.22
1540277700,36.84
1540278000,45.69
1540278300,44.91
1540278600,41.32
1540278900,39.85
1540279200,39.25
1540279500,38.06
1540279800,38.94
1540280100,36.3
1540280400,36.08
1540280700,36.93
1540281000,36.33
1540281300,36.09
1540281600,35.87
1540281900,35.98
1540282200,35.82
1540282500,36.64
1540282800,35.84
1540283100,35.51
1540283400,36.83
1540283700,35.83
1540284000,35.88
1540284300,35.54
1540284600,35.32
1540284900,35.14
1540285200,35.09
1540285500,35.04
1540285800,35.04
1540286100,35.72
1540286400,35
1540286700,34.62
1540287000,34.7
1540287300,34.73
1540287600,34.61
1540287900,34.48
1540288200,34.56
1540288500,34.54
1540288800,34.95
1540289100,34.57
1540289400,34.03
1540289700,33.8
1540290000,34.13
1540290300,34.08
1540290600,34.53
1540290900,33.83
1540291200,33.65
1540291500,33.46
1540291800,33.21
1540292100,33.02
1540292400,33.38
1540292700,33.14
1540293000,32.96
1540293300,32.73
1540293600,33.03
1540293900,33.43
1540294200,33.61
1540294500,33.68
1540294800,33.45
1540295100,33.09
1540295400,33.06
1540295700,33.1
1540296000,33.49
1540296300,40.31
1540296600,45.98
1540296900,48.02
1540297200,48.27
1540297500,47.46
1540297800,47.67
1540298100,48.1
1540298400,48.17
1540298700,47.8
1540299000,47.5
1540299300,46.56
1540299600,46.72
1540299900,46.91
1540300200,47.21
1540300500,47.98
1540300800,47.23
1540301100,47.42
1540301400,48.74
1540301700,47.74
1540302000,47.52
1540302300,48.04
1540302600,47.8
1540302900,47.9
1540303200,48.08
1540303500,46.64
1540303800,47.09
1540304100,47.75
1540304400,47.86
1540304700,47.77
1540305000,47.02
1540305300,46.57
1540305600,46.55
1540305900,47.31
1540306200,46.92
1540306500,47.25
1540306800,47.77
1540307100,47.34
1540307400,45.92
1540307700,45.87
1540308000,47.07
1540308300,46.73
1540308600,47.23
1540308900,47.38
1540309200,47.8
1540309500,47.81
1540309800,48.02
1540310100,47.16
1540310400,47.81
1540310700,49.18
1540311000,49.23
1540311300,49.22
1540311600,49.41
1540311900,49.29
1540312200,49.48
1540312500,49.81
1540312800,49.9
1540313100,49.17
1540313400,48.48
1540313700,49.87
1540314000,49.31
1540314300,49.45
1540314600,49.32
1540314900,49.4
1540315200,48.81
1540315500,50.07
1540315800,50.22
1540316100,49.57
1540316400,49.35
1540316700,49
1540317000,49.35
1540317300,48.6
1540317600,48.56
1540317900,48.92
1540318200,49.08
1540318500,47.67
1540318800,44.53
1540319100,46
1540319400,46.91
1540319700,46.48
1540320000,45.82
1540320300,45.55
1540320600,44.58
1540320900,42.01
1540321200,40.04
1540321500,38.58
1540321800,37.56
1540322100,36.69
1540322400,36.14
1540322700,36.02
1540323000,35.93
1540323300,35.39
1540323600,34.68
1540323900,34.08
1540324200,34.36
1540324500,34.21
1540324800,33.43
1540325100,33.24
1540325400,32.92
1540325700,32.72
1540326000,32.6
1540326300,35.44
1540326600,34.78
1540326900,33.24
1540327200,32.83
1540327500,42.66
1540327800,39.52
1540328100,43.47
1540328400,39.02
1540328700,37.31
1540329000,34.36
1540329300,33.1
1540329600,32.49
1540329900,34.82
1540330200,42.81
1540330500,38.8
1540330800,35.89
1540331100,35.62
1540331400,33.38
1540331700,32.58
1540332000,32.29
1540332300,32.28
1540332600,32.31
1540332900,32.54
1540333200,32.22
1540333500,32.21
1540333800,33.53
1540334100,32.43
1540334400,32.09
1540334700,32.19
1540335000,32.22
1540335300,32.17
1540335600,32.22
1540335900,32.44
1540336200,32.28
1540336500,32.27
1540336800,32.37
1540337100,32.3
1540337400,32.39
1540337700,32.48
1540338000,32.82
1540338300,33.67
1540338600,41.04
1540338900,33.06
1540339200,33.56
1540339500,32.82
1540339800,32.83
1540340100,32.58
1540340400,32.36
1540340700,32.54
1540341000,32.24
1540341300,32.5
1540341600,32.39
1540341900,32.61
1540342200,32.45
1540342500,32.3
1540342800,32.7
1540343100,32.37
1540343400,32.38
1540343700,32.23
1540344000,32.13
1540344300,32.23
1540344600,33.59
1540344900,32.28
1540345200,32.32
1540345500,32.86
1540345800,32.3
1540346100,32.29
1540346400,33.33
1540346700,32.86
1540347000,32.93
1540347300,33.74
1540347600,32.33
1540347900,32.52
1540348200,33.48
1540348500,32.53
1540348800,35.78
1540349100,40.49
1540349400,41.4
1540349700,41.46
1540350000,41.29
1540350300,39.75
1540350600,39.97
1540350900,41.27
1540351200,41.9
1540351500,41.82
1540351800,40.51
1540352100,39.23
1540352400,38.43
1540352700,38.84
1540353000,36.81
1540353300,35.04
1540353600,34.48
1540353900,33.8
1540354200,33.85
1540354500,34.57
1540354800,35.73
1540355100,34.29
1540355400,34.53
1540355700,34.45
1540356000,34.29
1540356300,34.36
1540356600,34.54
1540356900,36.31
1540357200,35.33
1540357500,33.37
1540357800,41.07
1540358100,41.71
1540358400,36.43
1540358700,34.25
1540359000,33.36
1540359300,33.21
1540359600,32.86
1540359900,32.33
1540360200,32.33
1540360500,32.28
1540360800,32.68
1540361100,32.27
1540361400,32.29
1540361700,32.09
1540362000,32.14
1540362300,32.27
1540362600,33.28
1540362900,32.32
1540363200,32.15
1540363500,32.09
1540363800,32.06
1540364100,32.05
1540364400,32.4
1540364700,32.11
1540365000,32.24
1540365300,32.04
1540365600,32.12
1540365900,32.57
1540366200,32.68
1540366500,32.57
1540366800,32.55
1540367100,33.62
1540367400,32.85
1540367700,32.79
1540368000,32.75
1540368300,42.04
1540368600,43.06
1540368900,42.74
1540369200,42.23
1540369500,41.4
1540369800,41.31
1540370100,39.41
1540370400,37.44
1540370700,36.54
1540371000,35.7
1540371300,42.3
1540371600,47.23
1540371900,48.2
1540372200,48.48
1540372500,47.12
1540372800,47.72
1540373100,47.29
1540373400,47.93
1540373700,48.37
1540374000,47.24
1540374300,45.97
1540374600,44.4
1540374900,43.4
1540375200,41.62
1540375500,40.73
1540375800,40.03
1540376100,39.69
1540376400,39.11
1540376700,38.95
1540377000,40.98
1540377300,38.84
1540377600,40.24
1540377900,48.34
1540378200,41.42
1540378500,40.94
1540378800,39
1540379100,38.77
1540379400,38.53
1540379700,42.35
1540380000,39.4
1540380300,38.85
1540380600,38.42
1540380900,38.76
1540381200,38.6
1540381500,38.49
1540381800,38.43
1540382100,38.42
1540382400,39.1
1540382700,38.59
1540383000,38.8
1540383300,38.54
1540383600,38.41
1540383900,38.56
1540384200,38.32
1540384500,38.42
1540384800,38.5
1540385100,38.47
1540385400,38.39
1540385700,38.4
1540386000,38.82
1540386300,38.53
1540386600,38.51
1540386900,39.14
1540387200,38.57
1540387500,38.5
1540387800,39.89
1540388100,39.71
1540388400,39.54
1540388700,39.02
1540389000,39.16
1540389300,38.49
1540389600,39.33
1540389900,38.46
1540390200,38.46
1540390500,38.55
1540390800,38.56
1540391100,38.37
1540391400,38.29
1540391700,38.38
1540392000,38.23
1540392300,38.95
1540392600,38.45
1540392900,38.43
1540393200,38.45
1540393500,38.21
1540393800,38.43
1540394100,38.29
1540394400,39.07
1540394700,39.55
1540395000,40.02
1540395300,39.27
1540395600,39.25
1540395900,38.46
1540396200,38.6
1540396500,38.69
1540396800,39.45
1540397100,39.25
1540397400,39.04
1540397700,38.86
1540398000,39.16
1540398300,39.05
1540398600,39.76
1540398900,39.03
1540399200,38.95
1540399500,38.81
1540399800,38.73
1540400100,38.83
1540400400,39.41
1540400700,39.05
1540401000,38.75
1540401300,39.31
1540401600,39.01
1540401900,38.81
1540402200,38.55
1540402500,39.44
1540402800,45.24
1540403100,48.18
1540403400,48.49
1540403700,48.74
1540404000,49.21
1540404300,49.11
1540404600,48.73
1540404900,49.05
1540405200,49.03
1540405500,49.62
1540405800,49.73
1540406100,49.59
1540406400,49.33
1540406700,49.38
1540407000,48.8
1540407300,48.74
1540407600,49.34
1540407900,49.17
1540408200,49.37
1540408500,50.07
1540408800,49.42
1540409100,49.91
1540409400,49.47
1540409700,49.27
1540410000,48.9
1540410300,50.04
1540410600,49.35
1540410900,49.02
1540411200,49.4
1540411500,48.77
1540411800,49.74
1540412100,49.5
1540412400,49.31
1540412700,48.91
1540413000,48.85
1540413300,48.73
1540413600,48.36
1540413900,49.14
1540414200,48.61
1540414500,49.13
1540414800,49.21
1540415100,48.63
1540415400,48.94
1540415700,49.01
1540416000,48.8
1540416300,48.87
1540416600,48.67
1540416900,48.77
1540417200,48.05
1540417500,48.58
1540417800,48.89
1540418100,48.62
1540418400,49.57
1540418700,48.89
1540419000,49.14
1540419300,49.4
1540419600,49.14
1540419900,48.76
1540420200,48.78
1540420500,48.6
1540420800,48.59
1540421100,48.65
1540421400,48.42
1540421700,48.43
1540422000,48.65
1540422300,48.33
1540422600,48.12
1540422900,47.26
1540423200,46.52
1540423500,45.92
1540423800,45.59
1540424100,44.92
1540424400,45.35
1540424700,49.12
1540425000,45.63
1540425300,45.65
1540425600,44.62
1540425900,44.25
1540426200,44.05
1540426500,44.15
1540426800,43.91
1540427100,43.84
1540427400,43.5
1540427700,43.75
1540428000,44.31
1540428300,44.31
1540428600,43.51
1540428900,43.68
1540429200,44.13
1540429500,43.33
1540429800,43.3
1540430100,43.57
1540430400,43.22
1540430700,43.14
1540431000,43.01
1540431300,42.52
1540431600,41.53
1540431900,41.37
1540432200,41.34
1540432500,41.32
1540432800,41.63
1540433100,41.12
1540433400,40.8
1540433700,41.3
1540434000,40.53
1540434300,40.5
1540434600,40.49
1540434900,39.49
1540435200,39.04
1540435500,39.25
1540435800,39.41
1540436100,38.84
1540436400,44.43
1540436700,47.41
1540437000,48.72
1540437300,49.22
1540437600,49.12
1540437900,48.93
1540438200,48.23
1540438500,47.75
1540438800,48.21
1540439100,48.77
1540439400,48.84
1540439700,48.58
1540440000,49.53
1540440300,48.75
1540440600,48.93
1540440900,48.99
1540441200,48.91
1540441500,49.13
1540441800,48.87
1540442100,48.84
1540442400,48.82
1540442700,48.88
1540443000,48.15
1540443300,47.97
1540443600,48.06
1540443900,47.96
1540444200,47.85
1540444500,48.18
1540444800,47.49
1540445100,47.33
1540445400,47.57
1540445700,47.32
1540446000,47.91
1540446300,48.17
1540446600,47.79
1540446900,48.89
1540447200,48.26
1540447500,47.19
1540447800,47.08
1540448100,47.53
1540448400,49.1
1540448700,49.25
1540449000,48.39
1540449300,48.03
1540449600,48.03
1540449900,48.9
1540450200,49.49
1540450500,49.42
1540450800,47.76
1540451100,47.74
1540451400,47.77
1540451700,48.22
1540452000,47.38
1540452300,49.06
1540452600,49.19
1540452900,47.74
1540453200,47.62
1540453500,48.4
1540453800,48.99
1540454100,48.58
1540454400,48.15
1540454700,47.46
1540455000,47.62
1540455300,48.02
1540455600,48.01
1540455900,47.85
1540456200,47.78
1540456500,48.34
1540456800,47.96
1540457100,48.23
1540457400,47.94
1540457700,47.48
1540458000,47.7
1540458300,48.15
1540458600,47.96
1540458900,48.18
1540459200,48.13
1540459500,47.82
1540459800,49.85
1540460100,48.66
1540460400,49.15
1540460700,49.47
1540461000,48.71
1540461300,48.75
1540461600,48.84
1540461900,49.27
1540462200,49.56
1540462500,48.86
1540462800,49.06
1540463100,48.75
1540463400,49.17
1540463700,49.08
1540464000,49.46
1540464300,49.48
1540464600,49.65
1540464900,49.68
1540465200,49.43
1540465500,49.67
1540465800,49.27
1540466100,49.46
1540466400,49.12
1540466700,48.74
1540467000,48.78
1540467300,49.27
1540467600,48.25
1540467900,48.39
1540468200,48.32
1540468500,48.63
1540468800,48.39
1540469100,48.56
1540469400,49.15
1540469700,48.77
1540470000,47.77
1540470300,47.02
1540470600,47.6
1540470900,47.55
1540471200,47.69
1540471500,47.22
1540471800,47.12
1540472100,47.25
1540472400,47.5
1540472700,47.62
1540473000,47.29
1540473300,47.43
1540473600,46.97
1540473900,47
1540474200,47.72
1540474500,47.84
1540474800,47.91
1540475100,47.25
1540475400,47.52
1540475700,47.49
1540476000,48.02
1540476300,48.58
1540476600,48.35
1540476900,47.89
1540477200,47.62
1540477500,47.55
1540477800,47
1540478100,46.86
1540478400,47.4
1540478700,47.67
1540479000,48
1540479300,47.91
1540479600,47.44
1540479900,47.42
1540480200,48.17
1540480500,47.61
1540480800,47.91
1540481100,47.91
1540481400,47.85
1540481700,47.93
1540482000,48.96
1540482300,47.26
1540482600,48.35
1540482900,47.96
1540483200,48.24
1540483500,49.12
1540483800,48.42
1540484100,48.64
1540484400,47.49
1540484700,46.97
1540485000,47.17
1540485300,46.56
1540485600,46.82
1540485900,47.3
1540486200,47.23
1540486500,46.74
1540486800,46.98
1540487100,47.54
1540487400,48.24
1540487700,48.52
1540488000,47.45
1540488300,48.56
1540488600,48.43
1540488900,48.89
1540489200,48.03
1540489500,47.54
1540489800,47.54
1540490100,46.9
1540490400,47.86
1540490700,48.61
1540491000,48.37
1540491300,47.88
1540491600,48.4
1540491900,48.19
1540492200,48.36
1540492500,48.14
1540492800,47.84
1540493100,47.94
1540493400,48.12
1540493700,47.19
1540494000,47.75
1540494300,46.93
1540494600,46.69
1540494900,46.85
1540495200,46.88
1540495500,46.95
1540495800,49.01
1540496100,48.2
1540496400,45.8
1540496700,45.43
1540497000,45.39
1540497300,44.57
1540497600,44.02
1540497900,44.31
1540498200,44.05
1540498500,44.23
1540498800,43.01
1540499100,48.66
1540499400,47.36
1540499700,46.86
1540500000,41.82
1540500300,39.96
1540500600,39.22
1540500900,38.54
1540501200,37.18
1540501500,36.72
1540501800,36.93
1540502100,43.98
1540502400,46.4
1540502700,41.66
1540503000,39.3
1540503300,38.17
1540503600,41.61
1540503900,35.78
1540504200,36
1540504500,35.89
1540504800,40
1540505100,40.08
1540505400,41.65
1540505700,43.63
1540506000,43.96
1540506300,44.61
1540506600,43.66
1540506900,42.41
1540507200,42.92
1540507500,47.7
1540507800,45.39
1540508100,43.68
1540508400,42.43
1540508700,41.33
1540509000,41.67
1540509300,40.15
1540509600,39.94
1540509900,40.54
1540510200,40.15
1540510500,40.48
1540510800,40.19
1540511100,39.13
1540511400,38.95
1540511700,38.63
1540512000,39.07
1540512300,38.62
1540512600,38.56
1540512900,38.79
1540513200,38.41
1540513500,38.47
1540513800,38.58
1540514100,38.57
1540514400,38.71
1540514700,38.4
1540515000,38.47
1540515300,38.41
1540515600,38.56
1540515900,38.49
1540516200,38.38
1540516500,39.22
1540516800,38.48
1540517100,38.58
1540517400,38.73
1540517700,38.68
1540518000,38.5
1540518300,38.81
1540518600,38.45
1540518900,38.58
1540519200,38.6
1540519500,38.25
1540519800,38.3
1540520100,38.75
1540520400,38.71
1540520700,38.13
1540521000,38.75
1540521300,38.46
1540521600,38.35
1540521900,38.78
1540522200,38.5
1540522500,38.66
1540522800,38.43
1540523100,38.54
1540523400,38.24
1540523700,38.57
1540524000,38.18
1540524300,38.44
1540524600,38.24
1540524900,38.19
1540525200,38.14
1540525500,38.17
1540525800,37.8
1540526100,37.58
1540526400,38.08
1540526700,37.94
1540527000,38.84
1540527300,40.22
1540527600,40.53
1540527900,39.37
1540528200,39.49
1540528500,39.27
1540528800,38.58
1540529100,39.53
1540529400,39.25
1540529700,38.87
1540530000,38.73
1540530300,38.42
1540530600,38.13
1540530900,37.99
1540531200,37.65
1540531500,37.95
1540531800,37.89
1540532100,38.12
1540532400,37.83
1540532700,37.86
1540533000,37.62
1540533300,37.94
1540533600,38.25
1540533900,37.84
1540534200,37.93
1540534500,38.1
1540534800,38.08
1540535100,38.31
1540535400,38.1
1540535700,37.88
1540536000,38.09
1540536300,38.38
1540536600,37.91
1540536900,38.21
1540537200,38.21
1540537500,38.11
1540537800,38.56
1540538100,38.38
1540538400,38.38
1540538700,38.65
1540539000,39
1540539300,38.74
1540539600,38.78
1540539900,38.83
1540540200,38.85
1540540500,38.78
1540540800,39.26
1540541100,38.75
1540541400,38.74
1540541700,38.15
1540542000,38.55
1540542300,38.54
1540542600,38.68
1540542900,38.23
1540543200,38.14
1540543500,38.46
1540543800,37.97
1540544100,38.1
1540544400,38.17
1540544700,37.95
1540545000,38.13
1540545300,37.73
1540545600,37.87
1540545900,38.43
1540546200,37.89
1540546500,37.37
1540546800,40.42
1540547100,46.15
1540547400,47.71
1540547700,48.03
1540548000,48.15
1540548300,48.31
1540548600,48.27
1540548900,48.79
1540549200,48.55
1540549500,48.09
1540549800,48.02
1540550100,48.28
1540550400,48
1540550700,47.92
1540551000,47.94
1540551300,48.39
1540551600,48.98
1540551900,48.01
1540552200,48.05
1540552500,47.93
1540552800,48.16
1540553100,47.88
1540553400,48.41
1540553700,48.06
1540554000,47.58
1540554300,47.87
1540554600,47.61
1540554900,47.6
1540555200,47.6
1540555500,46.95
1540555800,47.42
1540556100,47.5
1540556400,47.25
1540556700,47.47
1540557000,47.57
1540557300,47.15
1540557600,47.45
1540557900,47.6
1540558200,47.47
1540558500,47.4
1540558800,48.02
1540559100,47.98
1540559400,47.62
1540559700,47.55
1540560000,47.99
1540560300,47.94
1540560600,48.71
1540560900,48.11
1540561200,48.25
1540561500,47.74
1540561800,48.19
1540562100,48.42
1540562400,48.54
1540562700,48.23
1540563000,48.23
1540563300,48.9
1540563600,49.06
1540563900,48.53
1540564200,48.37
1540564500,49.67
1540564800,49.72
1540565100,49.46
1540565400,49.53
1540565700,49.04
1540566000,48.98
1540566300,48.19
1540566600,47.92
1540566900,47.97
1540567200,48.94
1540567500,48.87
1540567800,48.94
1540568100,47.87
1540568400,48.27
1540568700,48.84
1540569000,48.36
1540569300,48.38
1540569600,48.77
1540569900,49.32
1540570200,49.12
1540570500,48.45
1540570800,48.37
1540571100,47.82
1540571400,48.33
1540571700,48.35
1540572000,48.13
1540572300,48.9
1540572600,48.88
1540572900,48.51
1540573200,48.98
1540573500,49.3
1540573800,49.21
1540574100,49.68
1540574400,49.23
1540574700,49.37
1540575000,49.23
1540575300,49.86
1540575600,49.64
1540575900,49.77
1540576200,49.97
1540576500,49.06
1540576800,49.89
1540577100,49.44
1540577400,49.32
1540577700,49.71
1540578000,49.37
1540578300,49.09
1540578600,49.14
1540578900,48.83
1540579200,48.97
1540579500,48.71
1540579800,48.56
1540580100,48.12
1540580400,48.38
1540580700,48.55
1540581000,48.39
1540581300,48.04
1540581600,48.12
1540581900,47.76
1540582200,47.57
1540582500,48.25
1540582800,48.37
1540583100,48.2
1540583400,47.72
1540583700,48.09
1540584000,49
1540584300,49.01
1540584600,48.41
1540584900,48.7
1540585200,48.69
1540585500,48.3
1540585800,48.6
1540586100,47.79
1540586400,47.77
1540586700,48.55
1540587000,48.3
1540587300,48.46
1540587600,48.48
1540587900,48.83
1540588200,48.51
1540588500,48.58
1540588800,48.05
1540589100,48.37
1540589400,48.25
1540589700,48.59
1540590000,48.4
1540590300,48.25
1540590600,48.34
1540590900,48.1
1540591200,48.44
1540591500,48.28
1540591800,48.16
1540592100,48.44
1540592400,48.46
1540592700,48.73
1540593000,48.83
1540593300,48.84
1540593600,48.66
1540593900,49.47
1540594200,49.52
1540594500,49.06
1540594800,49.74
1540595100,49.03
1540595400,49.22
1540595700,48.61
1540596000,47.8
1540596300,46.95
1540596600,45.79
1540596900,47.76
1540597200,47.62
1540597500,50.23
1540597800,49.07
1540598100,47.4
1540598400,43.52
1540598700,42.55
1540599000,41.98
1540599300,42.25
1540599600,40.88
1540599900,39.1
1540600200,43.42
1540600500,46.75
1540600800,45.06
1540601100,42.08
1540601400,39.21
1540601700,38.35
1540602000,39.18
1540602300,37.45
1540602600,37.57
1540602900,37.55
1540603200,36.67
1540603500,37.81
1540603800,36.69
1540604100,35.89
1540604400,35.82
1540604700,43.79
1540605000,42.82
1540605300,39.93
1540605600,37.94
1540605900,37.63
1540606200,36.39
1540606500,35.64
1540606800,34.23
1540607100,34.28
1540607400,34.35
1540607700,34.07
1540608000,34.02
1540608300,34.1
1540608600,33.79
1540608900,33.87
1540609200,33.69
1540609500,33.63
1540609800,33.39
1540610100,33.88
1540610400,33.51
1540610700,33.77
1540611000,33.54
1540611300,33.64
1540611600,33.87
1540611900,33.62
1540612200,33.92
1540612500,33.52
1540612800,33.26
1540613100,33.14
1540613400,34.47
1540613700,37.44
1540614000,35.89
1540614300,34.99
1540614600,34.89
1540614900,41.48
1540615200,43.72
1540615500,40.94
1540615800,39.35
1540616100,38.25
1540616400,37.46
1540616700,34.68
1540617000,36.25
1540617300,33.62
1540617600,33.48
1540617900,32.81
1540618200,33.91
1540618500,33.39
1540618800,32.87
1540619100,32.69
1540619400,32.66
1540619700,32.84
1540620000,33.01
1540620300,32.79
1540620600,32.59
1540620900,32.52
1540621200,32.6
1540621500,32.63
1540621800,32.72
1540622100,32.57
1540622400,32.49
1540622700,32.56
1540623000,32.6
1540623300,32.52
1540623600,32.65
1540623900,33.02
1540624200,33.09
1540624500,32.86
1540624800,33
1540625100,32.88
1540625400,33.19
1540625700,33.09
1540626000,32.93
1540626300,32.87
1540626600,33.06
1540626900,33.16
1540627200,33.45
1540627500,33.03
1540627800,33.81
1540628100,33.07
1540628400,33.22
1540628700,33.37
1540629000,32.91
1540629300,33.18
1540629600,34.71
1540629900,33.99
1540630200,33.02
1540630500,33.58
1540630800,33.8
1540631100,33.03
1540631400,32.86
1540631700,39.8
1540632000,46.01
1540632300,48.69
1540632600,48.75
1540632900,48.55
1540633200,48.63
1540633500,49.05
1540633800,48.72
1540634100,48.7
1540634400,49.07
1540634700,48.23
1540635000,48.44
1540635300,48.67
1540635600,48.47
1540635900,48.54
1540636200,49.1
1540636500,48.67
1540636800,48.88
1540637100,48.96
1540637400,48.82
1540637700,48.97
1540638000,49.28
1540638300,48.98
1540638600,48.57
1540638900,48.6
1540639200,48.4
1540639500,48.38
1540639800,48.73
1540640100,48.57
1540640400,48.6
1540640700,49
1540641000,48
1540641300,48.19
1540641600,47.82
1540641900,47.48
1540642200,47.44
1540642500,47.48
1540642800,47.67
1540643100,47.85
1540643400,47.86
1540643700,47.88
1540644000,47.84
1540644300,48.13
1540644600,48.21
1540644900,48.79
1540645200,48.51
1540645500,48.99
1540645800,48.58
1540646100,49.54
1540646400,49.19
1540646700,48.78
1540647000,49.33
1540647300,49.59
1540647600,49.46
1540647900,49.46
1540648200,49.32
1540648500,49.09
1540648800,49.45
1540649100,49.06
1540649400,48.83
1540649700,49.27
1540650000,48.98
1540650300,48.13
1540650600,49.48
1540650900,49.59
1540651200,48.48
1540651500,48.62
1540651800,48.94
1540652100,48.71
1540652400,48.88
1540652700,48.18
1540653000,48.78
1540653300,49.43
1540653600,48.88
1540653900,48.76
1540654200,48.64
1540654500,48.26
1540654800,47.7
1540655100,47.85
1540655400,47.73
1540655700,48.32
1540656000,48.43
1540656300,48.79
1540656600,48.59
1540656900,48.83
1540657200,48.19
1540657500,48.34
1540657800,48.33
1540658100,48.11
1540658400,47.99
1540658700,47.98
1540659000,47.89
1540659300,48.79
1540659600,49.23
1540659900,47.84
1540660200,47.85
1540660500,48.09
1540660800,48.6
1540661100,48.69
1540661400,48.6
1540661700,49.97
1540662000,48.93
1540662300,49.59
1540662600,49.04
1540662900,48.47
1540663200,48.2
1540663500,48.24
1540663800,49.57
1540664100,49.72
1540664400,48.96
1540664700,48.53
1540665000,49.21
1540665300,49.37
1540665600,49.34
1540665900,48.9
1540666200,48.19
1540666500,49.15
1540666800,49.06
1540667100,48.56
1540667400,49.24
1540667700,48.96
1540668000,49.31
1540668300,49.5
1540668600,49.84
1540668900,48.77
1540669200,48.76
1540669500,49.1
1540669800,48.16
1540670100,48.07
1540670400,48.51
1540670700,47.86
1540671000,47.51
1540671300,48
1540671600,47.62
1540671900,47.02
1540672200,47.54
1540672500,47.19
1540672800,45.97
1540673100,45.8
1540673400,44.81
1540673700,43.82
1540674000,44.04
1540674300,42.9
1540674600,46.28
1540674900,42.36
1540675200,41.63
1540675500,41.09
1540675800,40.56
1540676100,40.35
1540676400,40.06
1540676700,39.59
1540677000,39.49
1540677300,39.47
1540677600,39.21
1540677900,40.91
1540678200,40.68
1540678500,38.07
1540678800,37.43
1540679100,37.13
1540679400,36.55
1540679700,35.94
1540680000,35.92
1540680300,35.73
1540680600,36.79
1540680900,35.07
1540681200,34.56
1540681500,33.72
1540681800,35.08
1540682100,43.38
1540682400,39.93
1540682700,38.74
1540683000,35.76
1540683300,35.95
1540683600,35.2
1540683900,32.61
1540684200,40.84
1540684500,42.92
1540684800,39.51
1540685100,36.09
1540685400,34.89
1540685700,34.61
1540686000,32.58
1540686300,32.46
1540686600,32.38
1540686900,32.42
1540687200,34.03
1540687500,33.21
1540687800,32.75
1540688100,32.25
1540688400,35.04
1540688700,32.9
1540689000,32.26
1540689300,32.15
1540689600,42.66
1540689900,45.59
1540690200,41.58
1540690500,40.11
1540690800,38.58
1540691100,37.45
1540691400,38.62
1540691700,35.49
1540692000,35.3
1540692300,34.78
1540692600,34.53
1540692900,34.38
1540693200,34.34
1540693500,34.21
1540693800,34.12
1540694100,34.11
1540694400,33.95
1540694700,34.05
1540695000,32.95
1540695300,32.38
1540695600,32.4
1540695900,31.97
1540696200,31.87
1540696500,31.96
1540696800,31.94
1540697100,32.03
1540697400,31.81
1540697700,31.74
1540698000,31.97
1540698300,31.83
1540698600,31.92
1540698900,31.94
1540699200,32.71
1540699500,32.16
1540699800,33.97
1540700100,34.8
1540700400,34.21
1540700700,34.02
1540701000,34.2
1540701300,33.96
1540701600,33.64
1540701900,33.57
1540702200,34
1540702500,33.65
1540702800,33.25
1540703100,33.12
1540703400,32.73
1540703700,32.35
1540704000,32.53
1540704300,34.08
1540704600,32.83
1540704900,32.4
1540705200,32.68
1540705500,33.46
1540705800,32.72
1540706100,32.36
1540706400,32.46
1540706700,32.53
1540707000,32.47
1540707300,32.24
1540707600,32.47
1540707900,32.47
1540708200,32.35
1540708500,32.35
1540708800,32.51
1540709100,32.48
1540709400,32.59
1540709700,32.58
1540710000,33.49
1540710300,32.51
1540710600,32.61
1540710900,32.37
1540711200,32.48
1540711500,32.41
1540711800,32.42
1540712100,32.59
1540712400,44.2
1540712700,45.49
1540713000,45.61
1540713300,45.49
1540713600,45.4
1540713900,41.58
1540714200,39.1
1540714500,35.26
1540714800,34.79
1540715100,33.73
1540715400,33.14
1540715700,32.98
1540716000,33.14
1540716300,33.95
1540716600,33.15
1540716900,32.96
1540717200,34.87
1540717500,33.1
1540717800,32.97
1540718100,33.82
1540718400,33.14
1540718700,34.78
1540719000,35.77
1540719300,33.46
1540719600,33.62
1540719900,33.99
1540720200,33.83
1540720500,32.92
1540720800,34.17
1540721100,33.46
1540721400,32.82
1540721700,32.69
1540722000,33
1540722300,32.85
1540722600,33.12
1540722900,32.67
1540723200,32.73
1540723500,33.52
1540723800,38.57
1540724100,45.23
1540724400,47.97
1540724700,47.45
1540725000,45.8
1540725300,47.29
1540725600,47.94
1540725900,47.59
1540726200,46.28
1540726500,46.35
1540726800,46.94
1540727100,46.77
1540727400,46.84
1540727700,46.84
1540728000,47.14
1540728300,47.58
1540728600,47.13
1540728900,47.61
1540729200,47.25
1540729500,47.32
1540729800,48.16
1540730100,47.48
1540730400,47.52
1540730700,48.52
1540731000,47.79
1540731300,47.99
1540731600,47.69
1540731900,47.7
1540732200,47.67
1540732500,47.96
1540732800,48.24
1540733100,48.23
1540733400,48.5
1540733700,48.86
1540734000,48.26
1540734300,48.33
1540734600,48.22
1540734900,48.3
1540735200,48.16
1540735500,48.64
1540735800,48.9
1540736100,48.99
1540736400,47.92
1540736700,48.46
1540737000,48.42
1540737300,47.97
1540737600,48.19
1540737900,49.14
1540738200,49.21
1540738500,48.71
1540738800,48.63
1540739100,48.88
1540739400,47.79
1540739700,48.41
1540740000,47.34
1540740300,47.03
1540740600,49.12
1540740900,48.62
1540741200,48.51
1540741500,48.91
1540741800,48.49
1540742100,48.98
1540742400,49.06
1540742700,48.41
1540743000,47.95
1540743300,48.49
1540743600,49.17
1540743900,49.31
1540744200,48.83
1540744500,48.39
1540744800,47.8
1540745100,48.77
1540745400,48.52
1540745700,48.8
1540746000,47.65
1540746300,47.83
1540746600,47.54
1540746900,48.57
1540747200,48.01
1540747500,48.31
1540747800,48.33
1540748100,48.35
1540748400,48.25
1540748700,48.19
1540749000,48.03
1540749300,47.79
1540749600,48.14
1540749900,48.6
1540750200,49.03
1540750500,48.49
1540750800,48.24
1540751100,48.77
1540751400,49.09
1540751700,48.24
1540752000,49.23
1540752300,47.39
1540752600,47.55
1540752900,47.91
1540753200,48.37
1540753500,48.04
1540753800,49.35
1540754100,49.4
1540754400,48.88
1540754700,48.89
1540755000,49.21
1540755300,49.31
1540755600,48.79
1540755900,48.51
1540756200,48.24
1540756500,48.68
1540756800,48.99
1540757100,49.2
1540757400,47.98
1540757700,47.12
1540758000,46.55
1540758300,48.43
1540758600,49.02
1540758900,47.86
1540759200,45.74
1540759500,49.39
1540759800,47.69
1540760100,44.75
1540760400,44.22
1540760700,45.7
1540761000,43.49
1540761300,44.64
1540761600,43.68
1540761900,40.4
1540762200,42.42
1540762500,41.24
1540762800,38.55
1540763100,37.1
1540763400,36.79
1540763700,34.65
1540764000,34.66
1540764300,33.56
1540764600,36.9
1540764900,34.57
1540765200,32.96
1540765500,32.89
1540765800,32.68
1540766100,32.59
1540766400,32.45
1540766700,32.4
1540767000,34.44
1540767300,32.87
1540767600,33.7
1540767900,32.68
1540768200,32.64
1540768500,32.58
1540768800,35.25
1540769100,34.1
1540769400,32.61
1540769700,32.44
1540770000,41.86
1540770300,40.39
1540770600,37.7
1540770900,35.57
1540771200,33.64
1540771500,34.08
1540771800,32.57
1540772100,42.61
1540772400,41.73
1540772700,38.55
1540773000,36.31
1540773300,35.29
1540773600,33.8
1540773900,33.45
1540774200,33.09
1540774500,32.95
1540774800,33.45
1540775100,33.14
1540775400,33
1540775700,33.78
1540776000,33.16
1540776300,32.84
1540776600,33.47
1540776900,32.96
1540777200,32.9
1540777500,32.82
1540777800,32.73
1540778100,32.72
1540778400,32.81
1540778700,32.7
1540779000,32.94
1540779300,32.72
1540779600,32.85
1540779900,32.68
1540780200,32.77
1540780500,32.66
1540780800,32.72
1540781100,32.97
1540781400,32.76
1540781700,32.63
1540782000,32.81
1540782300,32.52
1540782600,32.71
1540782900,32.67
1540783200,32.44
1540783500,32.65
1540783800,34.08
1540784100,32.85
1540784400,32.61
1540784700,32.59
1540785000,32.66
1540785300,32.5
1540785600,33.33
1540785900,32.7
1540786200,33.98
1540786500,34.78
1540786800,34.72
1540787100,34.92
1540787400,34.58
1540787700,34.17
1540788000,34.45
1540788300,34.99
1540788600,34.6
1540788900,34.41
1540789200,35.19
1540789500,33.62
1540789800,32.96
1540790100,32.87
1540790400,33.46
1540790700,33.42
1540791000,33.46
1540791300,32.75
1540791600,32.84
1540791900,32.55
1540792200,32.59
1540792500,32.63
1540792800,32.7
1540793100,32.62
1540793400,32.52
1540793700,33.26
1540794000,32.69
1540794300,32.37
1540794600,33.69
1540794900,32.62
1540795200,32.71
1540795500,32.64
1540795800,33.03
1540796100,32.69
1540796400,32.75
1540796700,32.52
1540797000,32.54
1540797300,33.11
1540797600,32.84
1540797900,32.66
1540798200,32.95
1540798500,32.69
1540798800,32.85
1540799100,34.1
1540799400,32.79
1540799700,32.79
1540800000,32.82
1540800300,32.89
1540800600,32.7
1540800900,33.2
1540801200,32.93
1540801500,32.64
1540801800,32.67
1540802100,32.69
1540802400,32.75
1540802700,33.37
1540803000,33.1
1540803300,33.33
1540803600,33.48
1540803900,33.13
1540804200,33.33
1540804500,33.1
1540804800,33
1540805100,33.2
1540805400,33.48
1540805700,33.38
1540806000,33.37
1540806300,33.37
1540806600,33.24
1540806900,33.28
1540807200,34.44
1540807500,33.66
1540807800,33.12
1540808100,33.51
1540808400,33.04
1540808700,32.83
1540809000,32.71
1540809300,32.56
1540809600,32.44
1540809900,32.66
1540810200,32.72
1540810500,41.36
1540810800,46.62
1540811100,48.67
1540811400,49.07
1540811700,48.79
1540812000,47.66
1540812300,47.92
1540812600,48.21
1540812900,48.47
1540813200,48.23
1540813500,47.97
1540813800,47.67
1540814100,47.95
1540814400,48.7
1540814700,48.49
1540815000,47.51
1540815300,47.37
1540815600,47.51
1540815900,47.61
1540816200,47.83
1540816500,47.95
1540816800,48.16
1540817100,47.94
1540817400,48.23
1540817700,48.29
1540818000,48.47
1540818300,48.03
1540818600,47.95
1540818900,49.12
1540819200,49.08
1540819500,49.61
1540819800,50.47
1540820100,50.25
1540820400,49.91
1540820700,49.87
1540821000,49.24
1540821300,49.54
1540821600,49.58
1540821900,49.48
1540822200,49.45
1540822500,49.4
1540822800,49.64
1540823100,48.91
1540823400,48.06
1540823700,48.56
1540824000,48.85
1540824300,48.78
1540824600,48.64
1540824900,48.78
1540825200,49.58
1540825500,49.8
1540825800,49.35
1540826100,49.13
1540826400,49.29
1540826700,49
1540827000,49.43
1540827300,49.12
1540827600,49.12
1540827900,49.91
1540828200,49.22
1540828500,49.4
1540828800,48.91
1540829100,48.69
1540829400,47.4
1540829700,47.9
1540830000,47.99
1540830300,48.28
1540830600,48.1
1540830900,47.96
1540831200,47.94
1540831500,48.41
1540831800,48.58
1540832100,48.48
1540832400,48.04
1540832700,48.22
1540833000,48.54
1540833300,48.22
1540833600,47.88
1540833900,48.43
1540834200,48.14
1540834500,48.68
1540834800,48.6
1540835100,48.42
1540835400,48.02
1540835700,47.92
1540836000,47.59
1540836300,48.26
1540836600,47.9
1540836900,48.47
1540837200,47.95
1540837500,48.23
1540837800,48.19
1540838100,48.57
1540838400,48.52
1540838700,48.45
1540839000,48.31
1540839300,48.23
1540839600,47.65
1540839900,48.1
1540840200,47.62
1540840500,47.47
1540840800,47.02
1540841100,46.61
1540841400,46.43
1540841700,45.72
1540842000,47.71
1540842300,49.65
1540842600,49.36
1540842900,48.28
1540843200,45.16
1540843500,44.45
1540843800,43.97
1540844100,42.77
1540844400,41.74
1540844700,41.26
1540845000,46.32
1540845300,49.6
1540845600,46.99
1540845900,43.49
1540846200,41.71
1540846500,41.47
1540846800,41.93
1540847100,40.16
1540847400,39.66
1540847700,44.75
1540848000,41.68
1540848300,39.79
1540848600,39.77
1540848900,39.3
1540849200,39.27
1540849500,39.04
1540849800,39.03
1540850100,39.11
1540850400,39.38
1540850700,38.95
1540851000,38.57
1540851300,38.96
1540851600,38.67
1540851900,38.52
1540852200,38.62
1540852500,38.81
1540852800,38.6
1540853100,39.05
1540853400,38.2
1540853700,38.79
1540854000,38.46
1540854300,38.22
1540854600,38.16
1540854900,38.03
1540855200,37.6
1540855500,37.54
1540855800,37.59
1540856100,38.75
1540856400,38.9
1540856700,38.6
1540857000,38.61
1540857300,38.36
1540857600,38.53
1540857900,38.29
1540858200,38.02
1540858500,38.18
1540858800,37.52
1540859100,37.41
1540859400,37.35
1540859700,36.71
1540860000,36.11
1540860300,37.21
1540860600,36.2
1540860900,36.33
1540861200,36.32
1540861500,35.97
1540861800,35.79
1540862100,36.12
1540862400,35.63
1540862700,35.61
1540863000,35.89
1540863300,35.99
1540863600,35.58
1540863900,35.79
1540864200,35.15
1540864500,35.22
1540864800,35.48
1540865100,34.8
1540865400,34.96
1540865700,34.85
1540866000,34.79
1540866300,34.7
1540866600,34.55
1540866900,34.49
1540867200,34.69
1540867500,34.6
1540867800,34.54
1540868100,34.5
1540868400,34.75
1540868700,34.38
1540869000,34.15
1540869300,34.21
1540869600,34.17
1540869900,34.08
1540870200,35.19
1540870500,36.45
1540870800,34.08
1540871100,33.53
1540871400,33.56
1540871700,42.61
1540872000,42.51
1540872300,39.45
1540872600,37.74
1540872900,40.84
1540873200,41.02
1540873500,41.83
1540873800,40.24
1540874100,43.19
1540874400,42.38
1540874700,42.58
1540875000,42.4
1540875300,41.54
1540875600,41.21
1540875900,40.66
1540876200,39.45
1540876500,38.67
1540876800,38.4
1540877100,38.43
1540877400,39.23
1540877700,38.1
1540878000,37.1
1540878300,36.84
1540878600,36.87
1540878900,36.45
1540879200,36.33
1540879500,35.85
1540879800,36.02
1540880100,36.76
1540880400,35.95
1540880700,35.81
1540881000,36
1540881300,35.3
1540881600,35.31
1540881900,34.88
1540882200,37.58
1540882500,35.87
1540882800,36.54
1540883100,35.93
1540883400,34.46
1540883700,36.43
1540884000,34.53
1540884300,34.02
1540884600,33.74
1540884900,33.81
1540885200,33.84
1540885500,33.65
1540885800,33.47
1540886100,33.58
1540886400,33.94
1540886700,35.39
1540887000,34.12
1540887300,33.36
1540887600,33.27
1540887900,37.68
1540888200,38.57
1540888500,38.36
1540888800,38.24
1540889100,38.5
1540889400,38.33
1540889700,38.15
1540890000,37.35
1540890300,36.92
1540890600,36.42
1540890900,36.02
1540891200,35.85
1540891500,35.65
1540891800,35.28
1540892100,35.08
1540892400,34.88
1540892700,34.73
1540893000,34.81
1540893300,34.28
1540893600,37.19
1540893900,43.48
1540894200,47.29
1540894500,48.69
1540894800,48.74
1540895100,47.76
1540895400,47.31
1540895700,47.79
1540896000,48.27
1540896300,48.24
1540896600,47.85
1540896900,48.04
1540897200,47.18
1540897500,47.47
1540897800,47.99
1540898100,47.79
1540898400,47.96
1540898700,47.76
1540899000,46.22
1540899300,47.03
1540899600,47.39
1540899900,47.33
1540900200,48.16
1540900500,48.39
1540900800,47.75
1540901100,47.28
1540901400,46.76
1540901700,46.6
1540902000,47.4
1540902300,48.2
1540902600,48.08
1540902900,48.04
1540903200,49.1
1540903500,49.3
1540903800,48.05
1540904100,47.51
1540904400,48.25
1540904700,49.44
1540905000,49.19
1540905300,49.26
1540905600,48.59
1540905900,48.53
1540906200,49.3
1540906500,49.44
1540906800,49.48
1540907100,49.77
1540907400,50.39
1540907700,50.25
1540908000,48.39
1540908300,49.43
1540908600,48.79
1540908900,49.26
1540909200,49.09
1540909500,49.07
1540909800,49
1540910100,48.79
1540910400,48.69
1540910700,48.95
1540911000,48.68
1540911300,48.44
1540911600,48.06
1540911900,48.12
1540912200,48.51
1540912500,49.1
1540912800,48.88
1540913100,48.65
1540913400,49.88
1540913700,49.32
1540914000,49.02
1540914300,48.74
1540914600,48.96
1540914900,48.45
1540915200,48.8
1540915500,48.84
1540915800,49.14
1540916100,49.17
1540916400,48.44
1540916700,47.91
1540917000,47.74
1540917300,47.97
1540917600,48.18
1540917900,48.35
1540918200,47.96
1540918500,48.32
1540918800,47.76
1540919100,47.81
1540919400,48.2
1540919700,47.99
1540920000,47.8
1540920300,48.01
1540920600,48.21
1540920900,48.04
1540921200,48.07
1540921500,48.18
1540921800,48.16
1540922100,48.65
1540922400,49.17
1540922700,48.34
1540923000,48.06
1540923300,48.75
1540923600,48.69
1540923900,48.72
1540924200,48.61
1540924500,48.31
1540924800,48.25
1540925100,48.5
1540925400,48.19
1540925700,48.03
1540926000,48.51
1540926300,47.77
1540926600,48.01
1540926900,48.09
1540927200,47.49
1540927500,48
1540927800,48.58
1540928100,48.03
1540928400,48.06
1540928700,48.37
1540929000,48.3
1540929300,48.08
1540929600,48.57
1540929900,49.21
1540930200,49.84
1540930500,50.41
1540930800,49.9
1540931100,50.07
1540931400,50.33
1540931700,49.93
1540932000,50.52
1540932300,51.09
1540932600,50.94
1540932900,49.81
1540933200,49.18
1540933500,49.14
1540933800,49.45
1540934100,49.85
1540934400,48.75
1540934700,49.15
1540935000,49.02
1540935300,49.52
1540935600,49.4
1540935900,49.13
1540936200,50.75
1540936500,49.88
1540936800,50.2
1540937100,49.66
1540937400,49.48
1540937700,48.88
1540938000,49.49
1540938300,51.04
1540938600,49.99
1540938900,51.03
1540939200,50.23
1540939500,49.86
1540939800,49.08
1540940100,49.03
1540940400,49.07
1540940700,48.61
1540941000,48.3
1540941300,47.56
1540941600,47.6
1540941900,47.33
1540942200,48.06
1540942500,47.36
1540942800,48.89
1540943100,48.12
1540943400,46.51
1540943700,46.05
1540944000,47.98
1540944300,49.62
1540944600,50.12
1540944900,50.09
1540945200,48.71
1540945500,47.65
1540945800,45.12
1540946100,43.12
1540946400,42.13
1540946700,47.19
1540947000,44.73
1540947300,39.8
1540947600,38.74
1540947900,37.71
1540948200,37.11
1540948500,38.34
1540948800,35.59
1540949100,42.61
1540949400,39.19
1540949700,42.15
1540950000,42.23
1540950300,40.85
1540950600,37.82
1540950900,36.71
1540951200,35.81
1540951500,36
1540951800,34.37
1540952100,32.92
1540952400,32.68
1540952700,32.59
1540953000,33.64
1540953300,35.59
1540953600,32.79
1540953900,32.33
1540954200,39.91
1540954500,34.96
1540954800,33.82
1540955100,32.25
1540955400,32.23
1540955700,32.7
1540956000,37.41
1540956300,37.2
1540956600,35.85
1540956900,34.45
1540957200,33.88
1540957500,32.7
1540957800,32.27
1540958100,31.9
1540958400,31.98
1540958700,32.05
1540959000,33.8
1540959300,34.42
1540959600,33.96
1540959900,44.29
1540960200,37.19
1540960500,35.84
1540960800,34.04
1540961100,34.64
1540961400,34.33
1540961700,33.89
1540962000,33.24
1540962300,33.04
1540962600,32.54
1540962900,32.81
1540963200,32.36
1540963500,32.79
1540963800,33.51
1540964100,32.89
1540964400,32.45
1540964700,33.18
1540965000,32.69
1540965300,32.99
1540965600,32.36
1540965900,32.33
1540966200,32.23
1540966500,32.4
1540966800,32.49
1540967100,32.29
1540967400,32.3
1540967700,32.28
1540968000,32.41
1540968300,32.18
1540968600,32.36
1540968900,32.26
1540969200,32.22
1540969500,32.26
1540969800,32.13
1540970100,32.97
1540970400,32.42
1540970700,32.42
1540971000,32.32
1540971300,32.32
1540971600,32.45
1540971900,32.48
1540972200,32.29
1540972500,32.4
1540972800,32.39
1540973100,32.38
1540973400,32.31
1540973700,32.66
1540974000,32.32
1540974300,32.23
1540974600,33.11
1540974900,32.27
1540975200,32.37
1540975500,32.29
1540975800,32.27
1540976100,32.3
1540976400,33.54
1540976700,32.28
1540977000,32.46
1540977300,32.16
1540977600,32.23
1540977900,32.2
1540978200,32.18
1540978500,32.36
1540978800,32.3
1540979100,33.45
1540979400,32.45
1540979700,32.22
1540980000,32.25
1540980300,32.36
1540980600,32.25
1540980900,32.14
1540981200,32.39
1540981500,32.19
1540981800,32.22
1540982100,32.23
1540982400,32.25
1540982700,33.5
1540983000,32.51
1540983300,32.27
1540983600,32.28
1540983900,32.14
1540984200,32.26
1540984500,32.23
1540984800,32.38
1540985100,32.9
1540985400,35.12
1540985700,33.34
1540986000,33.92
1540986300,34.92
1540986600,33.89
1540986900,35.23
1540987200,33.08
1540987500,32.15
1540987800,32.26
1540988100,31.92
1540988400,31.98
1540988700,31.91
1540989000,32.13
1540989300,31.9
1540989600,31.98
1540989900,33.19
1540990200,32.15
1540990500,31.98
1540990800,32.09
1540991100,32.57
1540991400,32.64
1540991700,33.29
1540992000,33.05
1540992300,32.83
1540992600,33.88
1540992900,32.95
1540993200,32.43
1540993500,32.66
1540993800,32.42
1540994100,32.58
1540994400,32.34
1540994700,32.48
1540995000,32.44
1540995300,32.39
1540995600,32.67
1540995900,32.55
1540996200,32.88
1540996500,32.62
1540996800,32.5
1540997100,32.53
1540997400,32.58
1540997700,32.53
1540998000,33.79
1540998300,32.57
1540998600,32.35
1540998900,32.3
1540999200,32.47
1540999500,33.08
1540999800,33.11
1541000100,32.85
1541000400,32.79
1541000700,32.95
1541001000,32.72
1541001300,32.87
1541001600,32.94
1541001900,33.34
1541002200,33.26
1541002500,33.84
1541002800,33.46
1541003100,33.37
1541003400,33.36
1541003700,33.17
1541004000,33.35
1541004300,33.68
1541004600,33.3
1541004900,32.9
1541005200,33.59
1541005500,33.02
1541005800,33.05
1541006100,32.91
1541006400,33.11
1541006700,33.04
1541007000,37.15
1541007300,44.66
1541007600,47.72
1541007900,48.05
1541008200,48.98
1541008500,49.04
1541008800,49.19
1541009100,49.08
1541009400,49.14
1541009700,49.36
1541010000,48.88
1541010300,48.91
1541010600,48.89
1541010900,48.57
1541011200,48.31
1541011500,48.82
1541011800,48.47
1541012100,48.38
1541012400,48.72
1541012700,48.09
1541013000,48.29
1541013300,48.79
1541013600,48.9
1541013900,48.68
1541014200,48.7
1541014500,48.38
1541014800,48.41
1541015100,48.33
1541015400,48.31
1541015700,48.52
1541016000,48.09
1541016300,48.59
1541016600,48.53
1541016900,48.08
1541017200,48.31
1541017500,48.59
1541017800,48.61
1541018100,48.22
1541018400,48.33
1541018700,48.42
1541019000,48.62
1541019300,48.35
1541019600,48.36
1541019900,48.4
1541020200,48.32
1541020500,48.93
1541020800,48.56
1541021100,48.66
1541021400,48.53
1541021700,48.02
1541022000,48.01
1541022300,48.37
1541022600,47.64
1541022900,47.96
1541023200,48
1541023500,47.41
1541023800,47.92
1541024100,48.2
1541024400,47.63
1541024700,48
1541025000,48.01
1541025300,47.95
1541025600,47.62
1541025900,47.21
1541026200,47.5
1541026500,47.2
1541026800,47.54
1541027100,46.58
1541027400,46.7
1541027700,46.64
1541028000,46.7
1541028300,47.54
1541028600,47.51
1541028900,47.53
1541029200,48.2
1541029500,48.22
1541029800,48.34
1541030100,49.21
1541030400,49.84
1541030700,49.53
1541031000,49.31
1541031300,49.2
1541031600,49.63
1541031900,49.95
1541032200,49.13
1541032500,48.64
1541032800,49.34
1541033100,49.71
1541033400,49.54
1541033700,49.14
1541034000,49.28
1541034300,49.33
1541034600,49.41
1541034900,49.21
1541035200,48.7
1541035500,48.83
1541035800,48.8
1541036100,49.11
1541036400,49.13
1541036700,48.84
1541037000,48.93
1541037300,48.47
1541037600,48.57
1541037900,48
1541038200,48.17
1541038500,48.51
1541038800,48.44
1541039100,48.26
1541039400,48.83
1541039700,48.04
1541040000,48.79
1541040300,49
1541040600,49.24
1541040900,48.5
1541041200,48.82
1541041500,48.48
1541041800,48.2
1541042100,47.91
1541042400,48.5
1541042700,48.15
1541043000,48.02
1541043300,47.75
1541043600,49.17
1541043900,49
1541044200,48.37
1541044500,48.18
1541044800,48.09
1541045100,49
1541045400,49.3
1541045700,48.97
1541046000,49.15
1541046300,48.99
1541046600,49.51
1541046900,49.01
1541047200,48.41
1541047500,47.95
1541047800,48.12
1541048100,48.47
1541048400,48.38
1541048700,48.34
1541049000,48.45
1541049300,48.83
1541049600,48.44
1541049900,48.5
1541050200,48.33
1541050500,48.04
1541050800,47.96
